name,category,country,city,genre,stream_url,logo_url,source_url,language,stationuuid,countrycode
100e7,Nacionais • Pop,Brasil,Rio Grande do Sul,pop,https://radio.saopaulo01.com.br:10919/live,https://100e7.com.br/images/favicon.png,https://100e7.com.br/,,,
101.9 Radio Educativa - Campinas,Nacionais • Pop,Brasil,SP,pop & samba - antigas,http://streaming.ima.sp.gov.br:8000/educativa.mp3,,http://www.educativa.fm.br/,,,
80 fm dance music,Nacionais • Pop,Brasil,São Paulo,Pop,https://servidor26.brlogic.com:7006/live,,https://www.80fmdancemusic.com.br/,,,
94 FM CORDEIRO-RJ,Nacionais • Pop,Brasil,,pop,http://s17.hstbr.net:8040/live?1601949995965,,,,,
96 FM Maceió,Nacionais • Pop,Brasil,Alagoas,"eclética,hits,popular",https://streaming.livespanel.com:20096/radio96fm,https://www.radios.com.br/aovivo/radio-96-maceio-fm/18335,https://96noticias.com.br/,,,
Alpha FM 90.1 Curitiba p PR,Nacionais • Pop,Brasil,Paraná(Brazil),adult contemporary,https://radio901.webnimbus.cloud/radioalpha/icecast.audio,,https://radioalphacuritiba.com.br/,,,
Antena 1  - Porto Alegre,Nacionais • Pop,Brasil,Rio Grande do Sul,,https://antenaone.crossradio.com.br/stream/1,https://www.antena1.com.br/apple-touch-icon.png,https://www.antena1.com.br/,,,
Antena 1 100.1 FM Salvador Bahia,Nacionais • Pop,Brasil,Bahia,adulto contemporáneo,https://www.antena1.com.br/stream/stream/1,https://tudoradio.com/img/uploads/radios/66bfd4cf7bb92.png,https://www.antena1.com.br/,,,
Antena 1 FM 94.7 São Paulo,Nacionais • Pop,Brasil,São Paulo,"adult contemporary,lite",http://antena1.newradio.it/stream,https://www.antena1.com.br/apple-touch-icon.png,https://www.antena1.com.br/,,,
Antena 1 Rio,Nacionais • Pop,Brasil,Rio de Janeiro,"adult contemporary,adult hits,mpb,soft adult contemporary",http://a1rj.streams.com.br:7801/stream,https://www.antena1rio.com.br/wp-content/uploads/2024/01/logo-antena-1.png,https://www.antena1rio.com.br/,,,
Antena Sul FM 102.7,Nacionais • Pop,Brasil,,,https://5a2b083e9f360.streamlock.net/antenasulfmhd/antenasulfmhd.stream/playlist.m3u8,https://www.antenasulfm.com.br/public/10668-2024-04-18.png,https://www.antenasulfm.com.br/,,,
antena1,Nacionais • Pop,Brasil,Sao Paulo (Brazil),,https://antenaone.crossradio.com.br/stream/2;,https://www.antena1.com.br/apple-touch-icon.png,https://www.antena1.com.br/,,,
BailãoHits,Nacionais • Pop,Brasil,Sao Paulo (Brazil),Pop,https://jpradios.com.br/stream/bailaohits,,https://jpradios.com.br/public/bailaohits,,,
BONS TEMPOS FM,Nacionais • Pop,Brasil,SP,classic hits,https://stm7.xradios.com.br:6888/,,https://www.webradiobonstempos.com/,,,
"CBN 104,5 FM Maceió",Nacionais • Pop,Brasil,Alagoas,"esportes,jornalismo(all news),popular",http://v3.directradios.com:8229/stream,http://play.radios.com.br/22234,http://www.sistemacorreioderadio.com.br/,,,
Cidade FM NET,Nacionais • Pop,Brasil,,pop,https://08.stmip.net:8718/live,https://drive.google.com/file/d/1OzJ516f0pWQWeWlNl6OE-_rIhSz0LwRy/view?usp=drivesdk,https://www.cidadrfmnet.com.br/,,,
Circus Radio,Nacionais • Pop,Brasil,,"70s,80s,90s,classic hits,oldies",http://radio.rpointernet.com.br:5788/;,,http://www.circusradio.com/,,,
Clube FM 99.1,Nacionais • Pop,Brasil,Brasília,"hits,pop,popular",https://radio.saopaulo01.com.br:10913/stream,,http://www.clubepe.fm/,,,
Conecta FM - Campinas,Nacionais • Pop,Brasil,,pop music,https://paineldj6.com.br:20175/stream,https://static.tudoradio.com/ins/w:120/plain/https://tudoradio.com/img/uploads/radios/652af48300568.pn,https://fmconecta.com.br/,,,
Cultura FM 95.1 Mhz (Uberlândia - MG) (ZYC697),Nacionais • Pop,Brasil,Minas Gerais,"brazilian music,miscellaneous,popular music",https://8040.brasilstream.com.br/stream,,https://radioculturafm.com.br/,,,
Cultural FM,Nacionais • Pop,Brasil,,"brazilian music,hits,pop",http://02.stmip.net:8096/;,http://culturalfm.com.br/img/logo.png?1741492967,http://culturalfm.com.br/,,,
Dance Anos 90,Nacionais • Pop,Brasil,,"dance,eurodance",https://stream-287.zeno.fm/zx9h2b61u8quv?zt=eyJhbGciOiJIUzI1NiJ9.eyJzdHJlYW0iOiJ6eDloMmI2MXU4cXV2IiwiaG9zdCI6InN0cmVhbS0yODcuemVuby5mbSIsInJ0dGwiOjUsImp0aSI6ImtUTWJsSE92UnBTNmtGRUdaT0tBTUEiLCJpYXQiOjE3ODA4NDA3MDksImV4cCI6MTc4MDg0MDc2OX0.w-KBUIindPPLSOWSnMDAIu55KHYX49uU-jcuGgS9s1w,,https://danceanos90euro.weebly.com/,,,
"Difusora 93,3 FM Maceió",Nacionais • Pop,Brasil,Alagoas,"jornalismo,popular",https://radio.saopaulo01.com.br/9348/stream,https://www.radios.com.br/aovivo/radio-difusora-933-fm/13036,http://www.izp.al.gov.br/,,,
Difusora Jundiaí,Nacionais • Pop,Brasil,São Paulo,popular,http://shout35.crossradio.com.br:8112/stream?1653871122262,,https://www.jj.com.br/,,,
"Educativa Inatel - 107,9 FM",Nacionais • Pop,Brasil,Minas Gerais,"adult contemporary,classic hits",https://educativainatel.radioca.st/stream,,https://inatel.br/radio/,,,
Emilio Prime,Nacionais • Pop,Brasil,,pop,http://sv13.hdradios.net:7194/,,https://www.radioemilioprime.webradios.net/,,,
EP FM Araraquara,Nacionais • Pop,Brasil,,pop,https://8345.brasilstream.com.br/stream?rand=dITCD,https://www.epfm.com.br/img/logo.svg,https://www.epfm.com.br/,,,
Estação POP,Nacionais • Pop,Brasil,MG,,https://s46.hstbr.net:8026/live?id=1530746592431,,http://radioestacaopop.com/,,,
"Francês FM 106,1 Maceió",Nacionais • Pop,Brasil,Alagoas,"eclética,popular",https://26643.live.streamtheworld.com/FRANCESFM_MACAAC.aac?dist=RadiosNet,https://www.radios.com.br/aovivo/radio-frances-1061-fm/214571,https://francesfm.com/,,,
"Gazeta FM 94,1 Maceió",Nacionais • Pop,Brasil,Alagoas,"eclética,popular",https://www.appradio.app:8061/stream,https://www.radios.com.br/aovivo/radio-gazeta-941-fm/13291,http://www.gazetafmmaceio.com.br/,,,
GFM Salvador Bahia FM 90.1,Nacionais • Pop,Brasil,Bahia,"adult contemporary,brazilian music,classic hits",https://ice.fabricahost.com.br/radiogfm,https://cdn-profiles.tunein.com/s5998/images/logod.png,https://mytuner-radio.com/pt/radio/gfm-salvador-402269/,,,
Hot Mix 94.9 FM,Nacionais • Pop,Brasil,São Paulo (SP),hits,https://stm17.xcast.com.br:10908/stream?type=http,https://hotmixfm.com.br/wp-content/uploads/2025/02/cropped-logoLogin-1-32x32.png,https://hotmixfm.com.br/,,,
Hunter.FM - O Canal Pop,Nacionais • Pop,Brasil,São Paulo,Pop,https://live.hunter.fm/pop_normal,https://hunter.fm/images/icon-logo-default.png,https://hunter.fm/,,,
Ilha do Mel FM,Nacionais • Pop,Brasil,Paraná(Brazil),"local news,pop,sports",https://str1.streamhostpg.com.br:8002/stream,https://ilhadomelfm.com.br/wp-content/uploads/2023/05/cropped-icon-ilhadomel-32x32.jpg,https://ilhadomelfm.com.br/,,,
"Jangadeiro 88,9 FM",Nacionais • Pop,Brasil,"Fortaleza, Ceará","eclética,música popular mexicana",https://stream.zeno.fm/xuh02vfzurhvv,https://www.radios.com.br/aovivo/radio-jangadeiro-889-fm/13520,https://jangadeirofm.com.br/,,,
Jovem Pan BH,Nacionais • Pop,Brasil,Minas Gerais,"entertainment,music,pop",https://8062.brasilstream.com.br/mp3,https://jpimg.com.br/uploads/2024/02/avatar-belo-horizonte-rgb-500x500.png,https://jovempan.com.br/afiliada/bh-fm,,,
Jovem Pan Florianópolis,Nacionais • Pop,Brasil,Santa Catarina,"hits,international,local music,music,world music",http://wz5.dnip.com.br/jfloripa/jfloripa.stream/chunklist_w2047482307.m3u8,,http://panfloripa.com.br/,,,
Jovem Pan FM - Passo Fundo - RS,Nacionais • Pop,Brasil,Rio Grande do Sul,"80s,90s,music,pop",https://radio.saopaulo01.com.br:10937/aac,,https://jovempan.com.br/afiliada/passo-fundo-fm,,,
"LEMIXX - BEST FUNK & GROOVE CLASSICS & RARE DISCO, R&B, 80s OLD SCHOOL DANCE",Nacionais • Pop,Brasil,,"funk,groove,old school dance,rare disco",http://centova6.ciclanohost.com.br:9428/stream2,https://www.facebook.com/photo/?fbid=212694897771018&set=a.212694874437687,https://www.facebook.com/people/-LEMIXX-Best-Funk-Groove-Radio-/100070915262093/,,,
Maresol web radio,Nacionais • Pop,Brasil,Aracajú,pop music,https://stream.zeno.fm/pxbrdor4opmvv,,https://www.radiomaresol.com.br/,,,
MGT BRASIL HITS,Nacionais • Pop,Brasil,Brasil,"brasil,hits,mgt,nacionais,sucessos",https://cast.mgtradio.net/radio/8030/aac,https://www.mgtradio.net/favicon.ico,https://www.mgtradio.net/,,,
MGT DANCE HITS,Nacionais • Pop,Brasil,Brasil,dance hits,https://cast.mgtradio.net/radio/8080/aac,,https://www.mgtradio.net/,,,
MGT LOVE HITS,Nacionais • Pop,Brasil,Brasil,"hits,love,love hits,mgt",https://cast.mgtradio.net/radio/8010/aac,https://www.mgtradio.net/images/ouvir-radio-online.png,https://www.mgtradio.net/,,,
"Mix Rio 102.1 Rio de Janeiro, RJ",Nacionais • Pop,Brasil,Rio de Janeiro,"brazilian pop,rio de janeiro,top 40",http://26563.live.streamtheworld.com:3690/MIXRIOAAC_SC,,http://mixriofm.uol.com.br/,,,
MPX Web Rádio 2,Nacionais • Pop,Brasil,Sergipe,"club dance electronic house trance,drum 'n' bass,dubstep,eurodance,hi-res,high bitrate",https://streaming.mpxwebradio.com/listen/mpxdancemix/256k,https://mpxwebradio.com/wp-content/uploads/2021/02/DANCEMIX.png,https://mpxwebradio.com/dancemix,,,
"Nossa FM 105,9",Nacionais • Pop,Brasil,"Patos de Minas, MG","pop,variedades",https://audiostream.i9suaradio.com:1195/stream,https://nossafm105.com/apple-touch-icon.png,https://nossafm105.com/,,,
"Nova Brasil 106,5 FM Maceió",Nacionais • Pop,Brasil,Alagoas,"adult contemporary,contemporary hits,mpb",https://26643.live.streamtheworld.com/NOVABRASIL_MACAAC.aac?dist=RadiosNet,https://www.radios.com.br/aovivo/radio-nova-brasil-1065-fm/124924,https://novabrasilfm.com.br/,,,
Nova Brasil FM 93.5 Aracaju,Nacionais • Pop,Brasil,Sergipe,"aracaju,brazilian pop,mpb",http://27393.live.streamtheworld.com/NOVABRASIL_ARACAJUAAC_SC,,http://aracaju.novabrasilfm.com.br/,,,
"Nova Brasil FM Brasília, DF (ZYC476, 97,5 MHz)",Nacionais • Pop,Brasil,Distrito Federal,"brasilia,brazilian music,brazilian pop,mpb",http://27393.live.streamtheworld.com/NOVABRASIL_BSBAAC_SC,http://brasilia.novabrasilfm.com.br/images/apple-touch-icon.png?1725267621,http://brasilia.novabrasilfm.com.br/,,,
"Novabrasil FM Fortaleza, CE",Nacionais • Pop,Brasil,"Fortaleza, Ceará","brasil,brasileira,brazilian,brazilian music,local news,mpb,música popular brasileira,notícias",https://playerservices.streamtheworld.com/api/livestream-redirect/NOVABRASIL_FORAAC.aac,https://novabrasilfm.com.br/app/uploads/2025/03/cropped-favicon-1-180x180.png,https://novabrasilfm.com.br/,,,
"Pajuçara FM 103,7 Maceió",Nacionais • Pop,Brasil,Alagoas,"eclética,popular",https://cast3.hoost.com.br:8679/stream,https://www.radios.com.br/aovivo/radio-pajucara-1037-fm/14126,https://www.tnh1.com.br/103/,,,
"Penedo FM 97,3",Nacionais • Pop,Brasil,Alagoas,"hits,popular",https://stm16.painelcast.com:7206/stream,https://www.radios.com.br/aovivo/radio-penedo-973-fm/14134,http://www.penedofm.com.br/,,,
Pool FM,Nacionais • Pop,Brasil,,"1970s,1980s,70s,70s dance,70s disco,80s,80s dance,80s disco,dance,funk,pool beach bar,poolside,rare groove",https://radios.poolwebwork.com.br/8010/stream,https://www.poolfm.com.br/wp-content/uploads/2017/01/pool-fm_600x600.png,https://www.poolfm.com.br/,,,
POP MUSIC l Radio RighRise (Compre sua Radio - Instagram:@jpdofunk.ofc),Nacionais • Pop,Brasil,São Paulo (SP),Pop,https://jpdofunk3.com.br:8070/stream,,https://jpdofunk3.com.br/public/server0234,,,
Positividade FM,Nacionais • Pop,Brasil,Rio de Janeiro,"adult contemporary,música pop,pop",https://27573.live.streamtheworld.com/POSITIVIDADE_FM_SC,https://positividade.fm/wp-content/uploads/2022/04/positividade-fm.png,https://positividade.fm/,,,
Premium FM 94.7 MHz Muriaé MG,Nacionais • Pop,Brasil,Minas Gerais,classic hits,https://live.paineldj.com.br/proxy/premiumfm?mp=/stream,https://premiumfm.com.br/wp-content/uploads/2022/06/premium-azul.png,https://www.premiumfm.com.br/,,,
"R.VALE VERDE FM 96,66",Nacionais • Pop,Brasil,,pop,https://ice.fabricahost.com.br/valeverdefm,https://valeverdefm.com.br/img/b1477f6674fb80a945ea178ecb46e51c.png,https://www.valeverdefm.com.br/,,,
Radio ABR Music,Nacionais • Pop,Brasil,,pop,http://r11.ciclano.io:9191/stream,,https://abrmusic.com.br/,,,
Radio Animu [MP3 192Kbps],Nacionais • Pop,Brasil,Santa Cruz do Capibaribe - Pernambuco,"anime,anime endings,anime openings,game,japonese anime soundtracks,jpop,song requests,vgm ost",https://stream.animu.moe/192,https://www.animu.moe/wp-content/uploads/2021/10/cropped-cropped-cropped-cropped-Logo-nova-com-slogan-1-189x69.webp,https://www.animu.moe/,,,
Radio Animu [MP3 320Kbps],Nacionais • Pop,Brasil,,"anime,anime openings,japanese anime soundtracks game jpop vgm ost,song requests",https://stream.animu.moe/320,https://animu.moe/favicon.ico,https://animu.moe/,,,
Radio Espinharas,Nacionais • Pop,Brasil,Paraiba,popular,https://radio.saopaulo01.com.br:10843/stream,https://www.radioespinharas.com.br/imagens/logo.svg,https://www.radioespinharas.com.br/,,,
Radio Hot 97.7,Nacionais • Pop,Brasil,,"brazilian music,hits,pop",http://servidor23.brlogic.com:7782/autodj,,http://hot107.com.br/,,,
"Radio Ilha FM 107,1",Nacionais • Pop,Brasil,,pop,https://casthttps.suaradionanet.net/13325/stream,,https://www.ilhafm.com.br/,,,
Radio Ipiranga,Nacionais • Pop,Brasil,,pop,http://r11.ciclano.io:9173/stream,,https://radioipiranga.com.br/,,,
Radio Jandaia,Nacionais • Pop,Brasil,,"hits,pop,top40",https://euroticast.com/play.php?play=8444&player=winamp,https://radiojandaia.com.br/favicon.ico,https://radiojandaia.com.br/,,,
Radio Lider FM,Nacionais • Pop,Brasil,,hits,http://r11.ciclano.io:9047/stream,,http://radioliderfm.com.br/,,,
Radio Nova Brasil,Nacionais • Pop,Brasil,,pop,http://r11.ciclano.io:9134/stream,,https://novabrasilfm.com.br/,,,
Radio Paiquerê,Nacionais • Pop,Brasil,"Londrina, Paraná","news,pop",https://ice.fabricahost.com.br/paiquere917,https://www.paiquere.com.br/wp-content/uploads/2024/02/fav.jpeg#170,https://www.paiquere.com.br/,,,
Radio Planetario FM,Nacionais • Pop,Brasil,,hits,http://r11.ciclano.io:9038/stream,,http://radioplanetario.com.br/,,,
Radio Taquara,Nacionais • Pop,Brasil,,hits,http://r13.ciclano.io:8165/stream,,https://www.radiotaquara.com.br/,,,
Rádio Antena 1 88.3 FM,Nacionais • Pop,Brasil,Sao Paulo,"adult,classic hip hop,flashback",https://antenaone.crossradio.com.br/stream/1;,https://img.radios.com.br/radio/lg/radio9510_1699537216.jpg,http://www.antena1sorocaba.com.br/,,,
Rádio Apolo 98.1 FM,Nacionais • Pop,Brasil,Sao Paulo,"adult,classic hits,pop",https://server3.dacsolution.com.br/98.1/player/,https://img.radios.com.br/radio/lg/radio240886_1722248014.jpg,https://radioapolo.com.br/,,,
Rádio Arapuan 98.9 FM,Nacionais • Pop,Brasil,Paraiba,"eclética,hits",https://streaming.engelhosting.com.br:10036/stream,https://www.arapuanfm.com.br/2023/images/site/logo.png,https://www.arapuanfm.com.br/2023/,,,
Rádio Band FM 96.1 FM,Nacionais • Pop,Brasil,Sao Paulo,pop,https://playerservices.streamtheworld.com/api/livestream-redirect/BANDFM_SPAAC,https://img.radios.com.br/radio/lg/radio10358_1526480428.jpg,https://www.band.uol.com.br/band-fm,,,
Rádio Boa 94.1 Fm Alagoinhas,Nacionais • Pop,Brasil,Bahia,"eclética,popular",https://cast.radiu.live:9304/stream,https://img.radios.com.br/radio/lg/radio44545_1717055586.jpg,https://www.instagram.com/boafmalagoinhas,,,
Rádio Caverá FM 87.9,Nacionais • Pop,Brasil,Rio Grande do Sul,"nativista,pop",https://s05.maxcast.com.br:8012/live?id=692006007223,,https://www.radiocavera.com/,,,
Rádio CBN Vale 750 AM,Nacionais • Pop,Brasil,Sao Paulo,"journalism,popular",https://8018.brasilstream.com.br/stream,https://img.radios.com.br/radio/lg/radio14459_1605727774.png,https://www.cbnvale.com.br/,,,
Rádio Cidade 94.3 FM Natal RN,Nacionais • Pop,Brasil,Rio,"local news,mpb,pop music",https://cidadedosolaac.jmvstream.com/stream?1732978147095,https://img.radios.com.br/radio/lg/radio11453_1528207582.jpg,https://www.radios.com.br/aovivo/radio-cidade-943-fm/11453,,,
Rádio Colméia 98.7 FM,Nacionais • Pop,Brasil,MG,"católica,popular",https://stm04.virtualcast.com.br:8024/colmeiamaringa?1771884660703,,http://www.colmeiafm.com.br/,,,
Rádio Comunitária Aconchego,Nacionais • Pop,Brasil,Pernambuco,"autonomia, tecnologica,comunitaria,engenho do meio,livre,popular,recife,roda de fogo,saúde integral,serviço integrado de saúde,sitio das palmeiras,torrões",https://fm.radioaconchego.org,https://radioaconchego.org/files/2015/03/cropped-cropped-5617042203_961643d1a0_o-180x180.jpg,https://radioaconchego.org/,,,
Rádio Cordeiro,Nacionais • Pop,Brasil,Pernambuco,pop music,https://stm7.painelcast.com:7590/stream,https://cordeiroplasticos.com.br/cordeiro1.png,https://toligado.net.br/,,,
Rádio Cultura Rio Grande,Nacionais • Pop,Brasil,Rio Grande do Sul,"esportes futebol,musica popular",https://casthttps.suaradionanet.net/10402/stream,https://manager.suaradionanet.net/storage/radios/culturaam/site_basic/64f0b1dde9a5c3.82638254.png,https://radioculturariograndina.com.br/,,,
Rádio CV Mais 97.5 FM,Nacionais • Pop,Brasil,"Piauí ,Teresina","hits,popular",https://ssl1.transmissaodigital.com:20098/;?1771932556038,https://img.radios.com.br/radio/lg/radio157979_1628521296.jpeg,http://www.cvmais.com/,,,
Rádio Dance Music Anos 2000,Nacionais • Pop,Brasil,Sao Paulo (Brazil),"00s,dance,edm,electronic,techno,trance",https://cloud1.cdnseguro.com:2190/;,https://gerador.cdnseguro.com/uploads/a47db5e2840d0a3d0a6280c0356bf1e2-1613775519.jpg,https://www.dancemusic2000.com/,,,
Rádio FM O Dia 99.7 FM,Nacionais • Pop,Brasil,Rio de Janeiro,"popular,samba pagode",https://wz7.servidoresbrasil.com:8274/stream,https://img.radios.com.br/radio/lg/radio229211_1706128532.jpeg,https://macae.fmodia.com.br/,,,
Rádio Furacão 2000,Nacionais • Pop,Brasil,Rio de Janeiro,"brazilian pop,dance",https://servidor24-1.brlogic.com:7516/live?source=website,https://public-rf-upload.minhawebradio.net/111279/mobileicon/d5b82a5ec287583c0d89eaa8726c323fx192.png,https://www.radiofuracao2000.com/,,,
Rádio Gazeta 107.9 FM,Nacionais • Pop,Brasil,Rio Grande do Sul,popular,https://hts03.brascast.com:7106/stream,https://minhawebradio.com/contents/27618/cover/xmc7c8d48f71c92a5ccd49551c95eb3301_27618_1767815709.png,http://www.rdgazeta.com.br/,,,
Rádio Globo 98.1 FM,Nacionais • Pop,Brasil,Rio de Janeiro,"discussions,interviews,popular,sports",https://24493.live.streamtheworld.com:443/RADIO_GLOBO_RJAAC.aac?dist=radioscombr,https://img.radios.com.br/radio/lg/radio8817_1676300226.png,https://radioglobo.globo.com/,,,
Rádio Hits 106.9 FM,Nacionais • Pop,Brasil,RJ,"adulta,flashback,mpb",https://wz7.servidoresbrasil.com:9984/stream?1771864365030,https://img.radios.com.br/radio/lg/radio80135_1691636703.png,https://redehits.fm/,,,
Rádio Hits 87.9 FM,Nacionais • Pop,Brasil,MG,community radio,https://stm24.srvaudio.com.br:10082/stream?1771863883280,https://img.radios.com.br/radio/lg/radio68243_1524591330.png,http://www.hitsfmbetim.com.br/,,,
Rádio Itatiunga 102.9 FM,Nacionais • Pop,Brasil,Paraiba,"eclética,hits",https://str1.streamhostpg.com.br:8100/stream,https://img.radios.com.br/radio/lg/radio13341_1495981602.jpg,http://www.102fmpatos.com.br/,,,
Rádio Joli MPB,Nacionais • Pop,Brasil,São Paulo,"adult contemporary,mpb,música popular brasileira",http://stream.zeno.fm/mrutsyhkc3quv,https://img.radios.com.br/radio/lg/radio112934_1562066435.png,https://zeno.fm/jolimpb,,,
"Rádio jovem pan 107,3 FM Varginha",Nacionais • Pop,Brasil,Minas Gerais Brasil,"jovem,top 40",https://server01.ouvir.radio.br:8042/stream,https://tunein.com/radio/Jovem-Pan-FM-1073-s158405/?hl=pt-BR,https://jovempan.com.br/afiliada/varginha-fm/,,,
Rádio Liderança FM,Nacionais • Pop,Brasil,Fortaleza,"good news | good sound | good life,pop",https://webradio.amsolution.com.br/radio/8320/lideranca,http://radiolideranca.com.br/wp-content/uploads/2017/05/lideranca-350x100.png,https://radiolideranca.com.br/,,,
Rádio Mega FM Sananduva,Nacionais • Pop,Brasil,Rio Grande do Sul,pop,https://live.virtualcast.com.br/megasananduva,https://www.megafmrs.com.br/assets/imagens/favicon.ico,https://www.megafmrs.com.br/,,,
Rádio Metropolitana 98.5 FM Pop,Nacionais • Pop,Brasil,São Paulo,Pop,https://ice.fabricahost.com.br/metrosppop,https://metropolitanafm.com.br/wp-content/themes/metro/assets/imgs/favicon/favicon-96x96-2.png,https://metropolitanafm.com.br/,,,
Rádio Pirafm,Nacionais • Pop,Brasil,,pop,http://stream.zeno.fm/zyvh88ftvxhvv,,https://sites.google.com/view/radio-pirafm/in%C3%ADcio,,,
Rádio Rio Preto Internet,Nacionais • Pop,Brasil,São Paulo,"70 80 hits,90's,adult contemporary,oldies,pop",http://stm3.painelcast.com:7006/,https://img1.wsimg.com/isteam/ip/6f1d2653-b246-41b5-a567-81f3d7deef16/favicon/0a09de53-7d5e-42f3-8d7c-61e5c575a688.png,https://radioriopreto.com.br/,,,
Rádio Santa Fé do Sul,Nacionais • Pop,Brasil,São Paulo,"70 80 hits,90's,adult contemporary,oldies,pop",http://stm12.painelcast.com:7480/,https://img1.wsimg.com/isteam/ip/6f1d2653-b246-41b5-a567-81f3d7deef16/favicon/0a09de53-7d5e-42f3-8d7c-61e5c575a688.png,https://radiosantafedosul.com.br/,,,
Rádio Saudade FM 99.7,Nacionais • Pop,Brasil,"Santos, Sao Paulo (Brazil)","adult,classic hits,flashback",https://playerservices.streamtheworld.com/api/livestream-redirect/SAUDADE_FMAAC.aac,https://img.radios.com.br/radio/lg/radio8_1626274312.png,https://www.saudadefm.com.br/,,,
Rádio Sociedade News FM 102.1 Feira de Santana,Nacionais • Pop,Brasil,Bahia,"news,pop",https://stream.zenolive.com/t799cry0yv8uv,https://cdn.onlineradiobox.com/img/l/1/43031.v6.png,http://sociedadenewsfm.com.br/,,,
Rádio Transamérica Hits (Barreiras),Nacionais • Pop,Brasil,Barreiras,brazilian pop,http://servidor39.brlogic.com:8146/live,,http://www.radiotransamerica.com.br/hits/barreiras,,,
Rádio Viva 106.7 FM,Nacionais • Pop,Brasil,Sao Paulo (Brazil),"aracatuba,araçatuba,cultura am,eclética,futebol,popular,ronda policial",http://stm51.conectastm.com:11314/stream,https://img.radios.com.br/radio/lg/radio11337_1656340351.jpg,https://vivafm106.com.br/,,,
RÁDIO WEB LUNA,Nacionais • Pop,Brasil,Ceará,"eclectic programming,popular music",https://stream-178.zeno.fm/1qxe7gsah0hvv?zt=eyJhbGciOiJIUzI1NiJ9.eyJzdHJlYW0iOiIxcXhlN2dzYWgwaHZ2IiwiaG9zdCI6InN0cmVhbS0xNzguemVuby5mbSIsInRtIjpmYWxzZSwicnR0bCI6NSwianRpIjoic013T1M0aVNTRGFIVWZabGJ5alg0QSIsImlhdCI6MTc2ODQ0MTA5OSwiZXhwIjoxNzY4NDQxMTU5fQ.Y-A5wkX8cAfUdQ9nLc5Wib9PyogjN7ha7lBo18H4T_w,,https://zeno.fm/radio/radio-web-luna-tv-87-9-fm/,,,
Rádio Ziggy - MIX (MP3),Nacionais • Pop,Brasil,Minas Gerais,"brazilian music,pop",http://stream.zeno.fm/h0bbyx9fzs8uv,https://i.ibb.co/xK4z5ZLr/80505-v11.png,https://ziggywebradio.wixsite.com/radioziggy,,,
Rádio Ziggy - MPB (MP3),Nacionais • Pop,Brasil,Minas Gerais,"brazilian music,pop",http://stream.zeno.fm/g5xt330zkd0uv,https://i.ibb.co/yFSBcW2p/85253-v3.png,https://ziggywebradio.wixsite.com/radioziggy,,,
Rádio Ótima 89.1 FM,Nacionais • Pop,Brasil,Sao Paulo (Brazil),"hits,popular",https://f108.fabricahost.com.br/otimafm891?f=1768437175N01KEZH3NEF9QXY6TAT9WJ3VS5D&tid=01KEZH3NEF5YQV674YKSCWC9NN,https://img.radios.com.br/radio/lg/radio39929_1646778380.jpeg,https://otimafm.com.br/,,,
Rádio Ótima 90.3 FM,Nacionais • Pop,Brasil,Sao Paulo (Brazil),"hits,popular",https://ice.fabricahost.com.br/otimafm903,https://img.radios.com.br/radio/lg/radio27258_1646778302.png,https://www.otimafm.com.br/,,,
Rádio Ótima 95.5 FM,Nacionais • Pop,Brasil,Sao Paulo (Brazil),"hits,popular",https://ice.fabricahost.com.br/otimafm955,https://img.radios.com.br/radio/lg/radio13788_1646778590.png,https://www.otimafm.com.br/,,,
"Santa Bárbara FM 95,9",Nacionais • Pop,Brasil,,pop,https://servidor36-4.brlogic.com:8474/live,https://public-rf-upload.minhawebradio.net/39758/mobileicon/636ee3ceb43dc23b3c32ad3f1a83cb34x192.png,https://santabarbarafm.com/,,,
Sensação FM 105.5 Mhz (Rio Pomba - MG) (ZYN228),Nacionais • Pop,Brasil,Minas Gerais,"miscellaneous,popular music",https://sv10.hdradios.net:8226/stream,https://img.radios.com.br/radio/lg/radio31977_1607423966.jpeg,https://sensacaofm.com.br/,,,
SpaceSex 93.1,Nacionais • Pop,Brasil,Espírito Santo,"eletronic,flashback,música pop",https://8846.brasilstream.com.br/stream,https://hfnews.com.br/wp-content/uploads/2026/02/Untitled-1.png,https://hfnews.com.br/spacesex/,,,
Super Hits 94,Nacionais • Pop,Brasil,,Pop,https://s03.svrdedicado.org:6858/stream,,https://player.svrdedicado.org/one-page/6858,,,
Só Se For Dance,Nacionais • Pop,Brasil,Rio Grande do Sul,Pop,http://stream-156.zeno.fm/u0vqwmqxcf9uv?zt=eyJhbGciOiJIUzI1NiJ9.eyJzdHJlYW0iOiJ1MHZxd21xeGNmOXV2IiwiaG9zdCI6InN0cmVhbS0xNTYuemVuby5mbSIsInRtIjpmYWxzZSwicnR0bCI6NSwianRpIjoiQ3pMaks4VGZUUEtEVnF3T3lQQkhDQSIsImlhdCI6MTc2ODQzOTgyNywiZXhwIjoxNzY4NDM5ODg3fQ.7mdxtDLKYUm91-awl848LCwXKsI1CdktQZVUXBIUl4k,,https://zeno.fm/radio/bk4zsmqxcf9uv/,,,
Só Se For Dance,Nacionais • Pop,Brasil,Rio Grande do Sul,Pop,http://stream-155.zeno.fm/u0vqwmqxcf9uv?zt=eyJhbGciOiJIUzI1NiJ9.eyJzdHJlYW0iOiJ1MHZxd21xeGNmOXV2IiwiaG9zdCI6InN0cmVhbS0xNTUuemVuby5mbSIsInRtIjpmYWxzZSwicnR0bCI6NSwianRpIjoiZE9rVGRqU3VSei0zblJBSDZkLWNXUSIsImlhdCI6MTc2ODQ1NTI4MiwiZXhwIjoxNzY4NDU1MzQyfQ.VS7silrsmGms8mKCr6DljQxLdJcal-pMyjn8hWSI6kY,https://zeno.fm/favicon.ico,https://zeno.fm/radio/bk4zsmqxcf9uv/,,,
Tupancy AM Pelotas,Nacionais • Pop,Brasil,Rio Grande do Sul,"esportes futebol,musica popular,notícias",https://casthttps.suaradionanet.net/10024/stream,https://manager.suaradionanet.net/storage/radios/tupanci/site_basic/66d8e4c5684da4.79620513.png,https://radiotupanci.com.br/,,,
Uniao FM,Nacionais • Pop,Brasil,Rio Grande do Sul,"mpb,pop",http://stream.ouveai.com.br:8053/stream,https://www.uniaofm.com.br/wp-content/themes/radiouniaotheme/favicon/favicon-128.png,http://www.uniaofm.com.br/,,,
Universitária FM 102.1,Nacionais • Pop,Brasil,São Paulo,pop,https://stm3.srvif.com:7726/stream,,https://universitaria.fm.br/,,,
97 FM Natal,Nacionais • Sertanejo,Brasil,Rio Grande do Norte,"arrocha,forró,forró e sertanejo,pisadinha,pop,sertanejo,vaquejada",https://azevedo.jmvstream.com/stream,,https://97fmnatal.com.br/,,,
Alternativa Educadora FM HD - Baixio CE,Nacionais • Sertanejo,Brasil,Ceará,,http://radio.saopaulo01.com.br:8050/stream,https://static-media.streema.com/media/cache/0d/48/0d4831d8345a19939b18ca846cb7598c.jpg,http://www.alternativaeducadorafm.com.br/,,,
Alternativa FM Quixadá 93.7,Nacionais • Sertanejo,Brasil,"Quixadá, Ceará",eclética,https://srv1.braudio.com.br:7412/stream,https://alternativafmquixada.redederadio.com.br/public/12899-2025-11-04.jpg,https://alternativafmquixada.redederadio.com.br/,,,
"BH FM 102,1 MHz ZYC690 (Belo Horizonte - MG)",Nacionais • Sertanejo,Brasil,Minas Gerais,"funk,internacional,nacional,pagode,pop,samba,sertanejo",https://playerservices.streamtheworld.com/api/livestream-redirect/BHFMAAC.aac,https://i.postimg.cc/ncT9hqH6/04008003142.png,https://bhfm.globo.com/,,,
Brahma FM,Nacionais • Sertanejo,Brasil,Goias,sertanejo,https://casthttps1.suaradionanet.net/13385/stream,,https://www.brahma.com.br/brahma-fm,,,
capital fm,Nacionais • Sertanejo,Brasil,PR,sertanejo,https://sonicpanel.oficialserver.com:7024/,,https://www.radios.com.br/aovivo/radio-capital-1027-fm/11171,,,
Casa dos Caipiras,Nacionais • Sertanejo,Brasil,São Paulo,"caipira,moda de viola,sertanejo raiz,viola",https://8758.brasilstream.com.br/stream,,https://casadoscaipiras.com.br/,,,
"Clube FM 96,5 MHz ZYC692 (Belo Horizonte - MG)",Nacionais • Sertanejo,Brasil,Minas Gerais,"internacional,nacional,samba,sertanejo",https://8112.brasilstream.com.br/stream,,https://clube.fm/,,,
"Conquista FM 97,7 Sertaneja",Nacionais • Sertanejo,Brasil,Minas Gerais,"country,sertanejo",https://rrdns-megasistema.webnow.com.br/conquista.mp3,,https://www.conquistafm.com.br/,,,
Cultura FM 104.9 MHz ZYC799 (Uberaba - MG),Nacionais • Sertanejo,Brasil,Minas Gerais,"música popular brasileira,sertanejo raiz",https://8571.brasilstream.com.br/stream,,https://radioculturauberaba.com.br/,,,
Educadora AM 1060 Piracicaba,Nacionais • Sertanejo,Brasil,São Paulo,"local news,news,sertanejo,sertanejo raiz",http://streaming.ntelecom.com.br:8518/,https://educadora1060.com.br/wp-content/themes/educadora1060/assets/logo.png,https://educadora1060.com.br/,,,
"FM Liberdade 101,1",Nacionais • Sertanejo,Brasil,"Patos de Minas, MG","pop,sertaneja",https://8148.brasilstream.com.br/stream,http://fmliberdade.com/img/icon.png,http://fmliberdade.com/,,,
FM Vale Verde,Nacionais • Sertanejo,Brasil,São Paulo,"música pop,sertanejo",https://f100.fabricahost.com.br/fmvaleverde?f=1768453284N01KF00F8HFSQAN97PZR80Z3KPF&tid=01KF00F8HF1RY165S7GNASV2VS,"https://static.wixstatic.com/media/37804f_16136aea1d04418185851832f5b1b2c8%7emv2.png/v1/fit/w_2500,h_1330,al_c/37804f_16136aea1d04418185851832f5b1b2c8%7emv2.png",https://www.fmvaleverde.com.br/,,,
Hunter FM - Hits Brasil,Nacionais • Sertanejo,Brasil,Distrito Federal,"sertaneja,sertanejo",https://live.hunter.fm/hitsbrasil_normal,https://hunter.fm/_nuxt/icons/icon_64x64.5c2fd0.png,https://hunter.fm/,,,
"Jovem Pan 98.3 - Taubaté, SP",Nacionais • Sertanejo,Brasil,"Taubaté, SP","adult contemporary,pop,sertanejo,the seven best,top 40",http://shout35.crossradio.com.br:8012/,,https://jovempan.com.br/afiliada/taubate-fm,,,
Liberdade 92.9 (Belo Horizonte - MG),Nacionais • Sertanejo,Brasil,Minas Gerais,sertanejo,http://srv40.brasilstream.com.br:8335/stream,,https://radioliberdade.com.br/,,,
Manchester FM 93.3,Nacionais • Sertanejo,Brasil,N/A,"sertanejo,sertanejo raiz",https://ssl1.transmissaodigital.com:20440/stream,,https://www.radiomanchester.com.br/fm/,,,
MGT CLÁSSICOS SERTANEJOS,Nacionais • Sertanejo,Brasil,Brasil,mgt sertanejo clássicos,https://cast.mgtradio.net/radio/8000/aac,,https://www.mgtradio.net/,,,
MGT SERTANEJO UNIVERSITÁRIO,Nacionais • Sertanejo,Brasil,Brasil,"brasil,sertanejo,universitário",https://cast.mgtradio.net/radio/8020/aac,,https://www.mgtradio.net/,,,
"Minas FM 104,1 MHz (Divinópolis - MG)",Nacionais • Sertanejo,Brasil,Minas Gerais,"brazilian music,misc,sertanejo",https://minasfmaac.jmvstream.com/stream,,https://www.radiominasfm.com.br/,,,
MS Web Rádio,Nacionais • Sertanejo,Brasil,MT,"esportes,hits,sertaneja",https://s25.maxcast.com.br:8108/live?1771879594681,https://img.radios.com.br/radio/lg/radio62729_1627756599.jpeg,http://www.mswebradio.com.br/,,,
Nativa,Nacionais • Sertanejo,Brasil,Rio Grande do Sul,local music,http://centova17.ciclanohost.com.br:8085/stream.mp3,,http://www.nativafmsantamaria.com.br/,,,
NBC FM - Rádio Comunitária de Nova Brasília - Imbituba/SC,Nacionais • Sertanejo,Brasil,Santa Catarina,"esportes,futebol,gauchesca,local news,noticias,sertanejo",https://radio02.zas.media/proxy/nbcfm/stream,,https://www.nbcfm.com.br/,,,
Newton Bello FM,Nacionais • Sertanejo,Brasil,Maranhão,"ecletica,forró,radio comunitaria,sertanejo",https://stm1.voxnovo.com.br:7010/stream,,https://radionewtonbellofm.com.br/,,,
Noroeste FM,Nacionais • Sertanejo,Brasil,São Paulo,sertanejo,https://stream.zeno.fm/jdet3xofeifvv,,https://sites.google.com/view/noroestefm,,,
Nossa Sertaneja FM 99.7 MHz ZYN130 (Barbacena - MG),Nacionais • Sertanejo,Brasil,Minas Gerais,"nacional,sertanejo",https://radio.audiosolutions.tech:8110/barbacena,,https://nossasertaneja.com.br/,,,
Radio Amigos do Sertanejo,Nacionais • Sertanejo,Brasil,Sao Paulo (Brazil),sertanejo raiz,https://stm4.voxhd.com.br:7086/,,https://adosertanejo.wixsite.com/meusite,,,
Radio Clube FM Rio Claro,Nacionais • Sertanejo,Brasil,Sao Paulo (Brazil),hits sertanejo pagode,https://r11.ciclano.io/proxy/radiojo1/stream,https://cadena-high-volume.b-cdn.net/uploads/station/vertical_logo/118/iTunesArtwork_fm-1.png,https://radioclube.fm.br/,,,
Radio Grande FM,Nacionais • Sertanejo,Brasil,Piauí,"brega,forró,local news,sertanejo",https://stm21.srvaudio.com.br:9634/stream,,https://grandepicos.com.br/,,,
Radio Liberdade 92.9 (Belo Horizonte - MG),Nacionais • Sertanejo,Brasil,Minas Gerais,sertanejo,https://8335.brasilstream.com.br/stream,,https://radioliberdade.com.br/,,,
Radio Prata FM,Nacionais • Sertanejo,Brasil,São Paulo (SP),"local news,sertanejo",https://r15.ciclano.io/proxy/radiopr2/stream,,https://radiopratafm.com.br/,,,
Radio Terra 1330,Nacionais • Sertanejo,Brasil,N/A,sertanejo raiz,https://cloud1.cdnseguro.com:16020/stream,,https://pt.m.wikipedia.org/wiki/R%C3%A1dio_Terra,,,
Radio Viva,Nacionais • Sertanejo,Brasil,Rio Grande do Sul,"gauchesca,sertaneja,sertanejo raiz",https://r6.ciclano.io/proxy/viva945/stream,,https://radioviva.com.br/,,,
Rainha 89fm,Nacionais • Sertanejo,Brasil,Bahia,"forro,popular,sertanejo",https://streaming.livespanel.com:8990/stream,,https://rainha89fm.com/,,,
Rádio 105 FM,Nacionais • Sertanejo,Brasil,Santa Catarina,"hits,popular,sertaneja",https://wz7.servidoresbrasil.com:8070/stream?1771865978025,https://img.radios.com.br/radio/lg/radio142153_1587118918.jpg,https://www.fm105.com.br/,,,
Rádio 105 FM - Rondonópolis,Nacionais • Sertanejo,Brasil,Rondonópolis,"flashback,música pop,sertanejo",https://s01.brascast.com:9914/live,,https://click105.com.br/,,,
Rádio 89.3 FM Imbituba,Nacionais • Sertanejo,Brasil,Santa Catarina,"brega,esportes,forró,gauchesca,local news,mpb,noticias,sertanejo,sports",https://live.paineldj.com.br/proxy/radiofm89f?mp=/stream,,https://www.ouvir89.com.br/,,,
Rádio A Sertaneja,Nacionais • Sertanejo,Brasil,MG,"sertaneja,sertanejo raiz",https://s2.tgastream.com.br:17992/stream?1771935274316,,https://pulsi.webradiosite.com/,,,
Rádio Almenara FM,Nacionais • Sertanejo,Brasil,Minas Gerais,sertanejo,https://8247.brasilstream.com.br/stream?rand=DRo5m,,https://radioalmenarafm.com.br/,,,
Rádio Band 106.7 FM,Nacionais • Sertanejo,Brasil,Sao Paulo,"pagode,popular,samba,sertanejo",https://stm2.xcast.com.br:11264/stream,,https://www.bandfmcampinas.com/,,,
Rádio Brasil Novo 94.3 FM,Nacionais • Sertanejo,Brasil,"Santa Catarina, SC","hits,popular,sertaneja",https://stm10.virtualcast.com.br:8464/rbnjaraguasul,https://img.radios.com.br/radio/lg/radio10493_1579084852.jpg,https://rbnfm.com.br/,,,
Rádio Buteco Sertanejo,Nacionais • Sertanejo,Brasil,São Paulo,"country music,moda de viola,modao,musica romantica,radio online,sertaneja,sertanejo,sertanejo raiz",https://stream.zeno.fm/6kumndewqbruv,,https://www.radiobutecosertanejo.com/,,,
Rádio Café Viola,Nacionais • Sertanejo,Brasil,Minas Gerais Brasil,"sertaneja,sertanejo,sertanejo raiz",https://stm6.xcast.com.br:9328/;?1685284162874,,https://radiocafeviola.com.br/,,,
"Rádio Capital do Papel 101,9 FM",Nacionais • Sertanejo,Brasil,PR,"pop music,sertanejo,sertanejo raiz",https://5a57bda70564a.streamlock.net/capitaldopapelpr/capitaldopapelpr.stream/playlist.m3u8,https://www.radiocapitaldopapel.com.br/imagens/logo.png,https://www.radiocapitaldopapel.com.br/,,,
Rádio Cidade Maracaju 104.3 FM,Nacionais • Sertanejo,Brasil,Mato Grosso do Sul,"chamame,ecletic,hits,sertanejo,sertanejo raiz",https://servidor33-5.brlogic.com:7078/live,https://public-rf-upload.minhawebradio.net/250444/logo/c9f6c0e472e2023c1d2cf8744f78a973.png,https://radiocidademaracaju.com.br/,,,
Rádio Difusora de Imbituba 100.3 FM,Nacionais • Sertanejo,Brasil,Santa Catarina,"brega,esportes,gauchesca,local news,mpb,notícias,sertanejo",http://r13.ciclano.io:8927/stream,,https://www.instagram.com/difusorafm100.3imbituba/,,,
rádio Digital,Nacionais • Sertanejo,Brasil,N/A,forró e sertanejo,http://stm1.tcmcast.com.br:7050/,,https://webradiodigitalfm.com.br/,,,
"Rádio Educadora 102,9 FM",Nacionais • Sertanejo,Brasil,"Montes Claros, MG, Brazil","musica brasileira,sertanejo,sertanejo raiz",https://servidor40.brlogic.com:8252/live,,https://educadoramoc.com/,,,
Rádio Forró,Nacionais • Sertanejo,Brasil,N/A,"forro,forró,forró e sertanejo",https://stm5.painelcast.com:7600/stream,,http://toligado.net.br/,,,
Rádio Grande Vale 93.1 FM,Nacionais • Sertanejo,Brasil,Minas Gerais,"brazilian music,brazilian pop,sertanejo",https://sonicpanel.oficialserver.com:7004/;stream.nsv&type=ac+,https://grandevalefm.com.br/resources/uploads/website/1762967184277_logo.png,http://www.grandevalefm.com.br/,,,
Rádio Hot 107 FM,Nacionais • Sertanejo,Brasil,Sao Paulo (Brazil),"hits,samba pagode,sertaneja",https://9772.brasilstream.com.br/stream?1771879083516,https://img.radios.com.br/radio/lg/radio8760_1565178044.png,http://www.hot107.com.br/,,,
Rádio Itapoá Fácil,Nacionais • Sertanejo,Brasil,,"brazilian music,comedy music,folk,folk brasileiro,forró,gaúcha,itapoá,mpb,música animada,música autoral,música brasileira,música divertida,música gaúcha,música humorística,música independente,música popular,música regional,novelty music,paródia,pop brasileiro,regional brazilia,santa catarina,sertanejo,vaneira,vanerão,xote",https://cast5.hoost.com.br:8175/stream,http://itapoafacil.com.br/radio/favicon.png,https://itapoafacil.com.br/radio/,,,
Rádio Itay 88.7 FM,Nacionais • Sertanejo,Brasil,PR,"pop music,sertanejo,sertanejo raiz",https://stm1.streamproarte.com.br:7530/stream,https://radioitay.com.br/wp-content/uploads/2023/07/image-removebg-preview-14.png,https://radioitay.com.br/,,,
Rádio Jambeiro 104.9 FM,Nacionais • Sertanejo,Brasil,São Paulo,"popular,sertanejo,sertanejo raiz",https://cast4.hoost.com.br:20010/stream,,https://www.jambeirofm.com.br/,,,
"Rádio Líder 87,9 FM",Nacionais • Sertanejo,Brasil,Mato Grosso do Sul,"ecletica,pop,radio comunitaria,sertanejo",https://9182.brasilstream.com.br/stream,https://static.mytuner.mobi/media/tvos_radios/899/lider-fm-maracaju.9907fb7f.png,https://www.liderfmonline.com.br/,,,
Rádio Líder web Paraopeba,Nacionais • Sertanejo,Brasil,MG,sertanejo raiz,http://stm2.brasilcast.xyz:6744/,,https://www.radioliderparaopeba.com.br/,,,
"Rádio Marabá FM 93,9",Nacionais • Sertanejo,Brasil,Mato Grosso do Sul,"chamame,ecletic,hits,sertanejo,sertanejo raiz",https://rvn01.painelstream.net:9274/,https://img.radios.com.br/radio/lg/radio13701_1521823652.png,https://www.marabafm.com.br/,,,
Rádio Mix 87.9 FM,Nacionais • Sertanejo,Brasil,São Paulo,"pop,sertanejo",https://stm12.xcast.com.br:9454/stream,https://www.mix879.com.br/images/200.png,https://www.mix879.com.br/,,,
Rádio Modão MT,Nacionais • Sertanejo,Brasil,Mato Grosso,"brasil,brazilian music,sertanejo",http://stm1.matutos.com.br:11356/stream,,https://www.radiomodaomt.com.br/,,,
Rádio Nascente 87.5 FM,Nacionais • Sertanejo,Brasil,São Paulo,"popular,sertanejo raiz",https://servidor38.brlogic.com:7116/live,,http://www.radionascente.com.br/,,,
Rádio Nativa 93.7 FM Irecê - BA,Nacionais • Sertanejo,Brasil,Bahia,"forró,sertanejo",http://stm3.srvif.com:7128/stream?1716397382938=,https://img.radios.com.br/radio/lg/radio18023_1574676599.png,https://tudoradio.com/player/radio/5226-nativa-fm,,,
Rádio Riacho FM - O Amor da Cidade,Nacionais • Sertanejo,Brasil,Pernambuco,"brega,entrevistas,forro,funk,gospel,sertanejo,sertanejo raiz,soul",https://stm23.srvaudio.com.br:10974/stream,"https://static.wixstatic.com/media/443c81_68aa6bf99de4402e97e503f571bf5cf7%7Emv2.png/v1/fit/w_2500,h_1330,al_c/443c81_68aa6bf99de4402e97e503f571bf5cf7%7Emv2.png",https://www.radioriachofm.com/,,,
Rádio SB 106.3 FM,Nacionais • Sertanejo,Brasil,São Paulo,"popular,sertanejo",https://s02.taaqui.org:9004/live,,http://www.sb106.com.br/,,,
Rádio Sertaneja,Nacionais • Sertanejo,Brasil,N/A,sertanejo,https://stm5.painelcast.com:7584/stream,,https://toligado.net.br/,,,
Rádio Sertaneja Raiz,Nacionais • Sertanejo,Brasil,Sao Paulo (Brazil),"sertaneja,sertanejo,sertanejo raiz",http://station.radionanet.com:8330/stream?1713376151781,,http://www.radiosertanejaraiz.com.br/,,,
Rádio Sertaneja Top,Nacionais • Sertanejo,Brasil,MG,"sertaneja,sertanejo raiz",https://radiosertanejatop.stream.laut.fm/radiosertanejatop?1771935991274,,https://laut.fm/radiosertanejatop,,,
Rádio São Francisco Anápolis - 97.7FM,Nacionais • Sertanejo,Brasil,Goiás,"notícias,sertanejo",https://cast.hoost.com.br:20150/stream,,https://radiosaochico.com.br/,,,
"Rádio T 105,3 FM Ponta Grossa - PR",Nacionais • Sertanejo,Brasil,PR,"pop music,sertanejo,sertanejo raiz",https://s1.mediacp.com.br:8984/stream,https://www.radiot.fm/images/logo4.fw.png,https://www.radiot.fm/,,,
Rádio Transamérica 100.1 FM,Nacionais • Sertanejo,Brasil,PR,"música pop,sertanejo,sertanejo raiz",https://playerservices.streamtheworld.com/api/livestream-redirect/RT_SPAAC.aac,,https://transamericafm.com.br/,,,
Rádio Tropical Diamantina,Nacionais • Sertanejo,Brasil,Mi,sertanejo,https://stm22.voxhd.com.br:9904/,,https://radiotropicaldiamantina.siteweb.net.br/,,,
Rádio Tropical Vale 96.1 FM,Nacionais • Sertanejo,Brasil,MG,"hits,sertaneja",https://8442.brasilstream.com.br/stream?1771884870919,https://img.radios.com.br/radio/lg/radio15003_1588852945.png,http://www.tropicalminas.com.br/,,,
Rádio Web Clube Sertanejo,Nacionais • Sertanejo,Brasil,"Itaperuna, Rio de Janeiro","sertaneja,sertanejo,sertanejo raiz",https://s42.maxcast.com.br:8180/live?_ts=1779664758220,,https://radiowebclubesertanejo.com/,,,
Sertaneja 106.7,Nacionais • Sertanejo,Brasil,São Paulo,"country,sertanejo",https://sc4s.cdn.upx.com:8067/stream,,https://www.106sertaneja.com.br/,,,
Studio FM 99.1,Nacionais • Sertanejo,Brasil,Santa Catarina,sertanejo,https://paineldj.com.br:20055/stream,,https://www.studiofm.com.br/,,,
Sucesso FM 100.5 Brasília/DF,Nacionais • Sertanejo,Brasil,Distrito Federal,sertanejo,https://sucessonews.brasilstream.com.br/hls/sucessonews/index.m3u8,,https://sucessonewsbsb.com.br/,,,
"Sucesso FM 88,3",Nacionais • Sertanejo,Brasil,Rio de Janeiro,"brasil,funk,nova friburgo,pagode,pop,rio de janeiro,sertanejo",https://servidor36.brlogic.com:8300/live?1696916321806,https://public-rf-upload.minhawebradio.net/17549/program/7d841a5fa803032a7e8656166559739f.jpg,https://sucessofm.com.br/,,,
Super Rádio Paraibuna 105.9 FM,Nacionais • Sertanejo,Brasil,São Paulo,"popular,sertanejo",http://09.stmip.net:9122/stream,https://lh3.googleusercontent.com/sitesv/AA5AbUDrdD6Odn2FI1tW38q1gfQ4O1n2l7qp1kYdLMEOmh08Iayu_sUfGFZMzdcWTl2TFQbjX9fDEgW8j_-8cQY9htN4WiHFoxT42DMYX3gmSefjHLt8Ns02F7RkNZf1Ea5iEGAOEhzMAr5EISYBSxRptxVQTbUVw6_V4Ccuh-dNh2s8ypu61rSP3ugG0Y8=w16383,http://www.superparaibunafm.com.br/,,,
Supersom FM 97.1 MHz ZYC813 (Uberaba - MG),Nacionais • Sertanejo,Brasil,Minas Gerais,"música popular brasileira,sertanejo",https://9790.brasilstream.com.br/stream,,http://www.radiosupersom.com.br/,,,
Top Mais Web Rádio,Nacionais • Sertanejo,Brasil,São Paulo (SP),"pop music,sertanejo",https://hts09.brascast.com:13158/live,,https://www.topmaiswebradio.com.br/,,,
VINTAGE SERTÃO,Nacionais • Sertanejo,Brasil,Sao Paulo (Brazil),sertanejo raiz,https://servidor16.brlogic.com:7022/live,,https://www.sistemavintage.com/,,,
Web Rádio Doval,Nacionais • Sertanejo,Brasil,"Fortaleza, Ceará","dance,forró,sertanejo",https://stm9.voxhd.com.br:13288/,https://www.facebook.com/share/1D5odWYdaG/,https://aureliolimanews.com.br/,,,
WEB RÁDIO MEGA DIGITAL,Nacionais • Sertanejo,Brasil,São Paulo,"pop,sertanejo",https://tgaurl.com.br/megadigital,,https://radiomegadigital.net.br/,,,
Web Rádio Prep Maré,Nacionais • Sertanejo,Brasil,MG,"sertaneja,sertanejo raiz",https://sv15.hdradios.net:8898/stream?1771935689650,,https://www.prepmare.webradios.net/,,,
107.5 simplesmente diferente,Nacionais • Gospel,Brasil,Joinville - SC,gospel music,https://cast2.youngtech.radio.br/radio/8290/radio,https://1075fm.com.br/site/wp-content/uploads/2024/10/logo-novo.png,https://1075fm.com.br/,,,
ADORA MIX,Nacionais • Gospel,Brasil,Minas Gerais,"gospel,hits,notícias",https://stream-178.zeno.fm/dapc6eho8szuv?zt=eyJhbGciOiJIUzI1NiJ9.eyJzdHJlYW0iOiJkYXBjNmVobzhzenV2IiwiaG9zdCI6InN0cmVhbS0xNzguemVuby5mbSIsInRtIjpmYWxzZSwicnR0bCI6NSwianRpIjoiUWREZVNoeUhRTWl4ZUwydUd5X0xLQSIsImlhdCI6MTc4MDYyNjk2NSwiZXhwIjoxNzgwNjI3MDI1fQ.IZrf69ouCVyW_XkZSYPzTtku0ldpslp1VOwDWrV0pJQ,https://stream.zeno.fm/dapc6eho8szuv,https://stream.zeno.fm/dapc6eho8szuv,,,
"Adore 89,3 FM Maceió",Nacionais • Gospel,Brasil,Alagoas,"católica,gospel music",https://03.painelstreaming.com.br:27014/stream,https://www.radios.com.br/aovivo/radio-adore-893-fm/198032,https://adorefm.com/,,,
Amazon Gospel,Nacionais • Gospel,Brasil,,news,http://directradios.net:8197/;,,https://amazongospel.com/,,,
Amigos de Cristo Web Rádio,Nacionais • Gospel,Brasil,Santa Catarina,christian-gospel,https://server06.srvsh.com.br:6856/stream,https://drive.google.com/uc?export=view&id=1jy0e0mJOu8ozjEf40G5oBalCRG1g5OFh,https://sites.google.com/view/amigos-de-cristo-web-rdio/in%C3%ADcio,,,
Amigos de Cristo Web Rádio,Nacionais • Gospel,Brasil,,classical,http://sv14.hdradios.net:6860/;?type=http&nocache=38,,,,,
Atos FM,Nacionais • Gospel,Brasil,Ceara,"adult,adult contemporary,christian-gospel,flash back,flashback,gospel",https://s.bul.tec.br:8020/128,,https://atosfm.com.br/,,,
Bíblia em Áudio Rádio Web,Nacionais • Gospel,Brasil,Bahia,gospel,https://stm3.voxhd.com.br:8062/stream,,https://www.adoracaogospel.com/,,,
Dadiva Net,Nacionais • Gospel,Brasil,Minas Gerais,gospel evangélica,https://stm47.stmsrv.com:16180/stream,https://dadiva.net/logo.png,https://dadiva.net/,,,
Educadora FM Campinas 91.7,Nacionais • Gospel,Brasil,Sao Paulo (Brazil),"pop,talk show",https://stm22.xcast.com.br:11282/stream,,https://www.educadorafm.com.br/index.html,,,
Espiritismo BH,Nacionais • Gospel,Brasil,Minas Gerais,"espirita,espiritismo,espírita,jesus,kardec,rádio espírita",http://paineldj4.com.br:8047/stream,https://espiritismobh.audiobras.net/imagens/logo.pnghttps://img.radios.com.br/radio/lg/radio26019_1439401628.jpg,http://www.espiritismobh.net/,,,
Gospel FM,Nacionais • Gospel,Brasil,,,https://stream3.svrdedicado.org/8070/stream,https://gospelfm89.com.br/gospelfm.png,https://gospelfm89.com.br/,,,
GOSPEL FM 90.1FM,Nacionais • Gospel,Brasil,São Paulo (SP),,https://shoutcast2.s12.com.br:16002/;stream.nsv&type=mp3,http://www.radiogospelfm.com.br/splash1.png,https://www.redegospel.fm.br/,,,
IGCG RadioWeb,Nacionais • Gospel,Brasil,PB,,https://igcgradioweb.minklab.cloud/stream,https://www.igrejaemcampinagrande.com.br/WebRadio/images/radio.png,https://www.igrejaemcampinagrande.com.br/WebRadio/index.html,,,
Lobo web rádio Penedo,Nacionais • Gospel,Brasil,Alagoas,gospel music,http://stm21.srvaudio.com.br:9358/stream,http://play.radios.com.br/228029,https://www.radiolobo.com.br/,,,
Maior Amor,Nacionais • Gospel,Brasil,Paraná(Brazil),"cristiana,evangelical,gospel",https://tgaurl.com.br/maioramor,,https://www.maioramor.com.br/,,,
Mais Fm Nova Serrana,Nacionais • Gospel,Brasil,Minas Gerais,christian-gospel,https://live.paineldj.com.br/proxy/amigosfm?mp=/stream,,https://www.radios.com.br/aovivo/radio-mais-909-fm/24614#,,,
Melodia FM 97.5,Nacionais • Gospel,Brasil,Rio de Janeiro,gospel,https://server01.ouvir.radio.br:8033/stream,https://melodia.com.br/favicon.ico,https://melodia.com.br/,,,
MGT GOSPEL,Nacionais • Gospel,Brasil,Brasil,"brasil,cristã,gospel,jesus",https://cast.mgtradio.net/radio/8040/aac,https://www.mgtradio.net/favicon.ico,https://www.mgtradio.net/,,,
musical fm 2,Nacionais • Gospel,Brasil,,gospel,https://9176.brasilstream.com.br/stream,,https://fmmusical.com.br/,,,
Nossa Rádio MEPB,Nacionais • Gospel,Brasil,,gospel,http://s01.painelstream.net:8548/;,,https://nossaradiomepb.site.radio.br/index.php,,,
Ouvindo a Bilbia,Nacionais • Gospel,Brasil,,"bible,biblia,christian",http://v3.directradios.com:8235/stream,,https://www.ouvindoabiblia.com.br/,,,
OverRock Rádio (Brasil),Nacionais • Gospel,Brasil,,"christian rock,rock",http://streaming06.hstbr.net:8008/live,,http://overrock.mus.br/,,,
PorDeus.fm,Nacionais • Gospel,Brasil,Distrito Federal,"antena 1,band,band news,batista,brasil,brazil,brazilian music,cbn,christian,christian praise&worship,church,cnn,crente,cristão,deus,devotion,evangelica,fiel,fox,gospel,gospel eletronica,gospel music,hillsong,igreja,jesus,jovem pan,louvor,nethel,planetshakers,pop gospel,pordeus,pordeus.fm,prayer,reggae gospel,us,worship",https://stream.zenolive.com/92ptm8uua2zuv.aac,,https://pordeus.fm/,,,
Pão Diário,Nacionais • Gospel,Brasil,Paraná(Brazil),gospel,http://servidor24.brlogic.com:8808/live?1662557159610,,https://paodiario.org.br/radio-pao-diario/,,,
Radio Advento - Londrina,Nacionais • Gospel,Brasil,Parana,"comunitaria,gospel",https://9121.brasilstream.com.br/stream,,http://adventofm.com.br/,,,
Radio Cordeiro de Deus,Nacionais • Gospel,Brasil,SP,"christian-gospel,gospel contemporary,gospel country,gospel dance,gospel evangélica,gospel music,gospel pop,southern gospel,urban gospel",https://servidor33.brlogic.com:8598/live,,https://www.radioc.com.br/,,,
Radio Esperança,Nacionais • Gospel,Brasil,SC,"christian-gospel,gospel,gospel music,música religiosa,religious",https://stm10.xcast.com.br:12112/,https://drive.google.com/file/d/1wLItN6713aEcU0oBswIQSKej6qEYpX70/view?usp=drivesdk,https://www.esperancaradio.com.br/,,,
Radio Essencia Gospel,Nacionais • Gospel,Brasil,Paraná(Brazil),,https://srv2.braudio.com.br/7598//stream,https://essenciagospelfm.com/storage/settings/October2024/Nty9BDXdpPaGDsiY0meu.png,https://essenciagospelfm.com/,,,
Radio Gospel Hitz Jf,Nacionais • Gospel,Brasil,MG,,https://cast6.midiazdx.com.br:6880/,,https://www.radiogospelhitzjf.zdx.com.br/,,,
Radio Instrumental Gospel,Nacionais • Gospel,Brasil,,christian,http://live8.livemus.com.br:27142/stream,,https://www.radioinstrumentalgospel.com.br/,,,
Radio Libertadora,Nacionais • Gospel,Brasil,Rio Grande do Norte,gospel,https://stm12.pluscast.com.br:7222//;stream.mp3,https://radiolibertadora.com.br/wp-content/themes/main/assets/img/radiolibertadora-instagram.png,https://www.radiolibertadora.com.br/,,,
Radio Maria Brazil,Nacionais • Gospel,Brasil,Brasília,"catholic,christian,talk",http://dreamsiteradiocp.com:8064/stream,https://www.radiomaria.org.br/favicon.ico,https://www.radiomaria.org.br/,,,
Radio Megamix Gospel,Nacionais • Gospel,Brasil,São Paulo,,https://stm9.xcast.com.br:6988/,https://www.radiomegamix.com.br,https://www.radiomegamix.com.br/,,,
Radio Nuevo Tiempo,Nacionais • Gospel,Brasil,Sao Paulo (Brazil),"ccm,gospel",http://stream.novotempo.com:1935/radio/radionuevotiempo.stream/live.m3u8,,https://www.nuevotiempo.org/radio/,,,
"RADIO TAMANDARE ""100% JESUS""",Nacionais • Gospel,Brasil,,christian,http://streaming09.hstbr.net:8058/live,http://radiorelogio1120am.com.br/favicon.png,http://radiorelogio1120am.com.br/,,,
Rede 3.16,Nacionais • Gospel,Brasil,Rio de Janeiro,gospel,https://servidor21.brlogic.com:7976/live?1661877997950,https://rede316.com.br/favicon.ico,https://rede316.com.br/,,,
Rede Aleluia - Jundiaí,Nacionais • Gospel,Brasil,São Paulo,gospel,http://14398c.ha.azioncdn.net/primary/sp_jundiai.sdp/chunklist_e598b1e4-b25c-4fb1-838c-9d247c2b677a.m3u8,,https://www.facebook.com/BlocoJundiai/,,,
"Rede aleluia 100,3 FM Maceió",Nacionais • Gospel,Brasil,Alagoas,gospel music,https://station.azrmcsoftbroadcast.com.br/listen/radio_alagoas/Alagoas,https://www.radios.com.br/aovivo/radio-rede-aleluia-1003-fm/57411,https://redealeluia.com.br/,,,
Rede Resgate Fm,Nacionais • Gospel,Brasil,São Paulo (SP),"gospel dance,gospel pop",https://stm9.xcast.com.br:12854/,,https://www.rederesgatefmonline.com.br/,,,
Rádio alô gospel,Nacionais • Gospel,Brasil,,,https://grenal.audiostream.com.br:20000/aac,,https://grenal.audiostream.com.br:20000/aac,,,
Rádio Aparecida 104.3 FM,Nacionais • Gospel,Brasil,São Paulo (SP),"católica,christian music,mpb",https://aparecida.jmvstream.com/stream?1771934151722,https://img.radios.com.br/radio/lg/radio9571_1726148606.jpg,http://www.a12.com/radio-aparecida,,,
Rádio Autoestima JD33,Nacionais • Gospel,Brasil,GO,"ambient and relaxation music,educación,instrumental music,religious",https://stm20.xcast.com.br:8858/stream,https://static.mytuner.mobi/media/tvos_radios/719/autoestima-jd33.2b51f3ed.jpg,https://www.autoestimajd33.com/,,,
Rádio BBN 96.1 FM,Nacionais • Gospel,Brasil,Parana,gospel,https://audio-edge-es6pf.mia.g.radiomast.io/ec065d59-f358-48c9-a288-4efc797e5860,https://img.radios.com.br/radio/lg/radio26832_1580130374.jpg,https://www.bbnradio.org/,,,
Rádio Bíblia SBB,Nacionais • Gospel,Brasil,Sao Paulo,"evangelical,missionary",https://servidor30-4.brlogic.com:7398/live,https://public-rf-upload.minhawebradio.net/198355/logo/4c4cbe5adabe83df1f78061bf9ec01d1.png,https://radiobiblia.sbb.org.br/,,,
Rádio CNMA,Nacionais • Gospel,Brasil,,religious,https://stream-178.zeno.fm/m3ytuubv0uhvv?zt=eyJhbGciOiJIUzI1NiJ9.eyJzdHJlYW0iOiJtM3l0dXVidjB1aHZ2IiwiaG9zdCI6InN0cmVhbS0xNzguemVuby5mbSIsInRtIjpmYWxzZSwicnR0bCI6NSwianRpIjoiU2Zxa1AwcXJRS2FsaDZGdnF2RDFEdyIsImlhdCI6MTc2ODQ0MTYzOCwiZXhwIjoxNzY4NDQxNjk4fQ.0IYAKhdKdCXUoixvJOl5UzwbRSwrUVjp1yW1Ui7Hr_4,https://zeno.fm/favicon.ico,https://zeno.fm/radio/CNMABR/,,,
Rádio Cristã Online,Nacionais • Gospel,Brasil,Bahia,,https://servidor40.brlogic.com:8004/live,https://public-rf-upload.minhawebradio.net/3671/logo/ddefcfbb544edceaee90270f85726f48.png,https://radiocristaonline.com/,,,
Rádio Cristã Online -Alagoinhas,Nacionais • Gospel,Brasil,BA,"cristã,gospel,hits,pop",https://servidor40-3.brlogic.com:8004/live,https://public-rf-upload.minhawebradio.net/3671/logo/194703c6220528242b004d95004e0fec.png,https://radiocristaonline.com/links,,,
Rádio Educadora FM,Nacionais • Gospel,Brasil,Batatais - SP,"music,news,sports",https://5a57bda70564a.streamlock.net/educadoraonline/educadoraonline.stream/playlist.m3u8,https://www.educadoraonline.com.br/site/wp-content/uploads/2023/06/cropped-ico-2-180x180.jpg,https://www.educadoraonline.com.br/,,,
Rádio Elohim,Nacionais • Gospel,Brasil,Rio de Janeiro,christian,https://servidor34-5.brlogic.com:8190/live,,https://webradioelohim.com/,,,
Rádio Encontro de Adoradores,Nacionais • Gospel,Brasil,,,https://radio.encontrodeadoradores.com/listen/encontro_de_adoradores/radio.mp3,,https://encontrodeadoradores.com/,,,
Rádio Evangelica Calafate,Nacionais • Gospel,Brasil,MG,"crista,gospel,louvores",https://stm2.radioipbr.com.br:7106/live,,https://radioevangelicacalafate.sintoniaonline.com.br/,,,
Rádio Evangelizar,Nacionais • Gospel,Brasil,Curitiba Paraná,,https://8239.brasilstream.com.br/stream?origem=radios.com.br,,http://radioevangelizar.com.br/,,,
Rádio Expressão e Louvor,Nacionais • Gospel,Brasil,"Itarema, Ceará",gospel,http://stream-160.zeno.fm/mdyutdgx9u8uv?zt=eyJhbGciOiJIUzI1NiJ9.eyJzdHJlYW0iOiJtZHl1dGRneDl1OHV2IiwiaG9zdCI6InN0cmVhbS0xNjAuemVuby5mbSIsInRtIjpmYWxzZSwicnR0bCI6NSwianRpIjoiRUtwLVJqQ0xSX3laeElRcFpOaTVxdyIsImlhdCI6MTc2ODQ0OTM4MSwiZXhwIjoxNzY4NDQ5NDQxfQ.XOB8-Aj6Jc2Enj7-wCFHN7PUfXPlOxgYmKhaP-AO1kU,https://img.radios.com.br/radio/lg/radio196133_1664576466.jpg,https://webradioexpressaolouvo.hostadonai.com.br/,,,
Rádio Gospel,Nacionais • Gospel,Brasil,,gospel,http://148.72.158.239:8120/live,,http://www.gospel.fm.br/,,,
Rádio Gospel Hits,Nacionais • Gospel,Brasil,Paraná,"christian-gospel,gospel,gospel music",https://servidor37.brlogic.com:7068/live,https://public-rf-upload.minhawebradio.net/248007/logo-horizontal/c99772df71960ebf14b6e324d2d26571.png,https://www.radiogospelhits.com.br/,,,
Rádio Gospel Jireh,Nacionais • Gospel,Brasil,CE,gospel,https://stm9.xcast.com.br:9922/,,https://radiogospeljireh.com.br/,,,
Rádio Gospel Louvores,Nacionais • Gospel,Brasil,Minas Gerais,,https://stm1.radionline.top:7004/,https://postimg.cc/K1DXMcHB,https://webgospellouvores.radionline.top/,,,
Rádio gospel louvores MG,Nacionais • Gospel,Brasil,MG,,https://stm1.radioipbr.com.br:7004/live,https://i.postimg.cc/3NrDwMwT/radio-1768244329-6ebb5c9f16b2f0ffb06a.png,http://webgospellouvores.radioipbr.com.br/,,,
Rádio Gospel Sobrenatural,Nacionais • Gospel,Brasil,MG,gospel,https://stm9.brsrv.xyz:7444/stream?1771935464299,https://img.radios.com.br/radio/lg/radio147088_1770979244.png,https://sobrenatural.suawebradio.com/,,,
Rádio Maanaim,Nacionais • Gospel,Brasil,Espírito Santo,"evangélica,gospel",https://65492b4a9e231.streamlock.net/liverm/rmaac/playlist.m3u8,https://radiomaanaim.com.br/wp-content/uploads/2023/03/logo-maanaim.png.webp,https://radiomaanaim.com.br/,,,
Rádio Maravilha 89.1 FM,Nacionais • Gospel,Brasil,MG,gospel,https://stm19.srvstm.com:7080/stream?1771884971836,https://img.radios.com.br/radio/lg/radio269259_1752093044.png,https://89maravilhafm.com/,,,
Rádio Marumby,Nacionais • Gospel,Brasil,Parana,radio cristiana,http://wz4.dnip.com.br/marumbyaac/marumbyaac.stream/playlist.m3u8,https://radiomarumby.com.br/wp-content/uploads/2021/08/favicon-marumby.png,http://www.radiomarumby.com/,,,
Rádio Melodia 97.5 FM,Nacionais • Gospel,Brasil,Rio de Janeiro,gospel,https://26573.live.streamtheworld.com/MELODIAFMAAC.aac?1771864900231,https://img.radios.com.br/radio/lg/radio13848_1439401456.jpg,http://www.melodia.com.br/,,,
Rádio Ministério Cristo Pleno,Nacionais • Gospel,Brasil,,gospel,https://01.megadinamica.com:7018/,,https://01.megadinamica.com:7018/,,,
Rádio Mix Music,Nacionais • Gospel,Brasil,MG,"christian contemporary,christian music,gospel",https://servidor36.brlogic.com:8176/live?1771884476397,https://img.radios.com.br/radio/lg/radio124584_1771865608.jpeg,https://radiomixmusic.com/,,,
Rádio Nação 95.7 FM,Nacionais • Gospel,Brasil,Joinville - SC,gospel evangélica,https://stm01.virtualcast.com.br:8014/nacaojoinville?1776797312625,,https://linktr.ee/NacaoFM95.7?utm_source=ig&utm_medium=social&utm_content=link_in_bio,,,
Rádio Nova Geração FM,Nacionais • Gospel,Brasil,Sao Paulo (Brazil),"christian contemporary,christian music,gospel",https://virtues.live:8138/stream?1771933686426,https://img.radios.com.br/radio/lg/radio32447_1722586805.png,http://www.radionovageracaofm.com.br/,,,
Rádio Nova Mensagem,Nacionais • Gospel,Brasil,Sorocaba,gospel,https://appradio.app:8157/live,,https://www.novamensagem.com.br/,,,
Rádio Novo Tempo,Nacionais • Gospel,Brasil,Sao Paulo (Brazil),"adventist,christian,gospel",https://stream.live.novotempo.com/radio/smil:radionovotempo.smil/live.m3u8,https://www.novotempo.com/favicon.ico,https://www.novotempo.com/radioaovivo/,,,
Rádio Novo Tempo 96.9 FM - Florianópolis - SC,Nacionais • Gospel,Brasil,Santa Catarina,"adventist,christian,gospel",https://stream.live.novotempo.com/radio/smil:rntFlorianopolisSC.smil/playlist.m3u8,,https://www.novotempo.com/radioflorianopolis/,,,
Rádio Profecia Expresso,Nacionais • Gospel,Brasil,MG,gospel,https://stm14.xcast.com.br:10110/;?1771935594982,https://img.radios.com.br/radio/lg/radio36252_1586963115.jpg,https://radioprofeciaexpressomg.blogspot.com/,,,
Rádio Pão Diário,Nacionais • Gospel,Brasil,Curitiba,gospel,https://servidor24.brlogic.com:8808/live,,https://paodiario.org.br/radio-pao-diario/,,,
Rádio Rede 3.16,Nacionais • Gospel,Brasil,Rio de Janeiro,"gospel,varieties",https://servidor21.brlogic.com:7976/live,https://www.cxradio.com.br/img/Radio/Logo/70513e19e133ed1f3c2195559f7b8807.png,https://rede316.com.br/,,,
Rádio Rede Aleluia 99.5 FM,Nacionais • Gospel,Brasil,São Paulo,"christian-gospel,faith,gospel",https://azrmcsoftbroadcast.com.br/listen/rd99fm/rd99fm.aac,https://redealeluia.com.br/wp-content/uploads/2025/10/cropped-Rede-Aleluia-Roxo-V-300x177.png,https://redealeluia.com.br/,,,
Rádio Rural de Natal 91.9 FM,Nacionais • Gospel,Brasil,Rio Grande do Norte,"local news,mpb,música religiosa,pop music",https://live9.livemus.com.br:27802/stream?1732977845423,https://www.radios.com.br/aovivo/radio-rural-de-natal-919-fm/78700,https://www.radios.com.br/aovivo/radio-rural-de-natal-919-fm/78700,,,
Rádio Seara 102.7 FM,Nacionais • Gospel,Brasil,Ceará,"cristã,gospel,religião",https://8396.brasilstream.com.br/stream?1781462749920,https://img.radios.com.br/radio/lg/radio22795_1758029484.png,https://radioseara.fm/,,,
Rádio Shekinah Só Louvor,Nacionais • Gospel,Brasil,Sao Paulo (Brazil),gospel,https://player.voxpainel.com.br/proxy/7076,https://img.radios.com.br/radio/md/radio15612_1701426271.jpg,http://www.shekinahfm.com.br/,,,
Rádio Som do Céu,Nacionais • Gospel,Brasil,Piauí,"gospel,public radio",http://stream.zeno.fm/t5y50e2ekbruv,,https://radiosomdoceudefloriano.blogspot.com.br/,,,
Rádio Super,Nacionais • Gospel,Brasil,Minas Gerais,gospel,https://servidor32.brlogic.com:8200/live,https://img.radios.com.br/radio/lg/radio18490_1637166379.png,http://www.lagoinha.com/,,,
Rádio Super 100.5 FM,Nacionais • Gospel,Brasil,,,https://servidor32-2.brlogic.com:8200/live?source=website,https://public-rf-upload.minhawebradio.net/3477/favicon/d65de0370c9deb1e7ae28fb3a721cb52.png,https://radiosuper.minhawebradio.net/,,,
Rádio Teomidia,Nacionais • Gospel,Brasil,Sao Paulo,gospel,https://usa3.fastcast4u.com/proxy/teomidiaradio?mp=/1,https://img.radios.com.br/radio/lg/radio205342_1662632414.png,https://teomidia.radio.br/teomidia/,,,
Rádio Teomidia English,Nacionais • Gospel,Brasil,Sao Paulo,"contemporary christian,gospel",https://usa3.fastcast4u.com/proxy/atos420engl?mp=/1,https://img.radios.com.br/radio/lg/radio205348_1662632689.png,https://teomidia.radio.br/english/,,,
Rádio Teomidia Instrumental,Nacionais • Gospel,Brasil,Sao Paulo,"gospel,instrumental",https://usa3.fastcast4u.com/proxy/teomidiainstr?mp=/1,https://img.radios.com.br/radio/lg/radio205345_1662632533.png,https://teomidia.radio.br/instrumental/,,,
Rádio Tradição Católica,Nacionais • Gospel,Brasil,Espírito Santo,"católica,cristã,tradicional",https://servidor17-1.brlogic.com:7126/live,https://public-rf-upload.minhawebradio.net/249876/logo/1a5a8ea6dccf097ac45790fd89678ca7.png,https://radiotradicaocatolica.com.br/,,,
Rádio Trans Mundial - RTM,Nacionais • Gospel,Brasil,Sao Paulo,gospel,https://playerservices.streamtheworld.com/api/livestream-redirect/RADIOTRANSMUNDIALAAC_SC,https://img.radios.com.br/radio/lg/radio18759_1456511123.jpg,https://www.transmundial.com.br/,,,
"Rádio Vida Melhor FM 95,7",Nacionais • Gospel,Brasil,,gospel evangélica,https://servidor32-4.brlogic.com:8480/live?source=site,https://public-rf-upload.minhawebradio.net/58457/favicon/4bbb25f8041cca989b100bd8a98cc7fd.png,https://www.radiovidamelhor.com.br/,,,
"Rádio Vinha FM 91,9",Nacionais • Gospel,Brasil,Goias,gospel,http://streaming.vinhafm.com.br/stream,,https://www.vinhafm.com.br/,,,
Rádio Voz do Povo 104.9 FM,Nacionais • Gospel,Brasil,Ceara,gospel,http://stm8.painelcast.com:7454/stream?1661881380835,https://img.radios.com.br/radio/lg/radio38149_1520594394.png,http://www.abcdipaporanga.com.br/,,,
Rádio Água Azul,Nacionais • Gospel,Brasil,PA,"cristã,ecletica,gospel,popular",https://stm4.srvif.com:8460/stream,https://blogger.googleusercontent.com/img/b/R29vZ2xl/AVvXsEg8Mf0pTyn0csGWmRnTNBIiN8hFYhkcefiB5wEZrW5AOxC-YJrlDyWRlHo9bZWF8atKWH5q54Hg3VMJkR1xaFvJRxt19DKlchSnbdYhywCsFpqUe5nHHkAkDbjaymm6jmVU-AJ3fp5MbIqVemnbxahRJcsuQHHC15w12UIS8eST2h2RLwuzSj8I-NYftys/s320/grok-image-b75974a7-7f23-42e6-a1d5-61b6e90790d1.png,https://radioaguaazul.com.br/,,,
Rádio Águia FM,Nacionais • Gospel,Brasil,CE,gospel,https://stream-178.surfernetwork.com/zg2qr00vrzzuv?zt=eyJhbGciOiJIUzI1NiJ9.eyJzdHJlYW0iOiJ6ZzJxcjAwdnJ6enV2IiwiaG9zdCI6InN0cmVhbS0xNzguc3VyZmVybmV0d29yay5jb20iLCJ0bSI6ZmFsc2UsInJ0dGwiOjUsImp0aSI6IkQ3bFFVVXc0VHVLck5HaWVQSk9HcVEiLCJpYXQiOjE3ODIzMjk1NTUsImV4cCI6MTc4MjMyOTYxNX0.beDDfBuAZOI-y4FLmk_42_KkrfUAd0CGfiorOSC2L5w,,https://zeno.fm/radio/aguia-fm-fortaleza/,,,
SUPER GROOVE RÁDIO WEB,Nacionais • Gospel,Brasil,,,https://servidor39-2.brlogic.com:7006/live?source=website,https://public-rf-upload.minhawebradio.net/247571/logo/678415afe6081abf2f5c881f6ad9cd2d.png,https://supergrooveradioweb.com/,,,
Super Rede Boa Vontade 1230 AM,Nacionais • Gospel,Brasil,Sao Paulo,"ecumenical,gospel",https://9000.brasilstream.com.br/stream,https://img.radios.com.br/radio/lg/radio10452_1439401380.jpg,https://www.boavontade.com/pt/radio#SP1230,,,
Web Rádio CCB,Nacionais • Gospel,Brasil,Minas Gerais,"church,faith,god,praise,worship",http://stm1.hoststreaming.com.br:7088/;,,https://webradioccb.com.br/,,,
Web Rádio Clamor da Terra,Nacionais • Gospel,Brasil,MG,gospel,https://s32.maxcast.com.br:8150/live?1771935773037,https://img.radios.com.br/radio/lg/radio30392_1558439507.JPG,http://www.clamordaterra.com/,,,
WebRadio Rama,Nacionais • Gospel,Brasil,Rio de Janeiro,cristã,https://servidor32-5.brlogic.com:8464/live?source=website,https://public-rf-upload.minhawebradio.net/9162/mobileicon/a75c9d7bfcacdbf6d85c5d42bb741b6bx192.png,https://webradiorama.minhawebradio.net/,,,
ÚNICA - Gospel Music,Nacionais • Gospel,Brasil,Distrito Federal,,https://stm8.painelcast.com:7024/stream,https://i.ibb.co/5x1yHdR0/LOGO2025.png,https://suaunicaradio.com.br/,,,
Indie 98,Nacionais • Rock,Brasil,Sorocaba,alternative / indie,http://indie.dyndns.tv:34100/indie98,http://indie98.mine.nu/favicon.ico,http://indie98.mine.nu/,,,
Punk FM Brasil,Nacionais • Rock,Brasil,Sao Paulo (Brazil),Rock,https://radio.punkfm.com.br/listen/punkfmbrasil/punkfmbrasil.mp3,https://punkfm.com.br/wp-content/uploads/PFM-logo-icon.png,https://punkfm.com.br/,,,
Radio Alternativa do Fabio,Nacionais • Rock,Brasil,,"alternative,electronic",http://191.185.4.124:8000/radio.opus,,http://191.185.4.124:8000/,,,
Rádio Agulha,Nacionais • Rock,Brasil,Porto Alegre,"alternative / indie,ecletic,mpb",https://titton.dvr.ovh:6702/stream,https://external-content.duckduckgo.com/iu/?u=https%3A%2F%2Fwww.radioagulha.com.br%2Fpublic%2F95360-2025-03-10.png&f=1&nofb=1&ipt=275da5696b7114704c9ecb5f0a2e961fe3b44a7dd62141de483b1805fb0d9443,https://www.radioagulha.com.br/,,,
012 Rock News,Nacionais • Heavy Rock,Brasil,Sao Paulo (Brazil),,http://9881.brasilstream.com.br/stream,https://www.012news.com.br/wp-content/uploads/2022/07/novo-logo1.png,https://www.012news.com.br/,,,
107 FM Tatuí,Nacionais • Heavy Rock,Brasil,Sao Paulo,"local news,news,noticias,pop,rock",https://f108.fabricahost.com.br/107fm?f=1768440014N01KEZKTA1M1TPDQW0KTF63Z481&tid=01KEZKTA1MJQM48EZ7NP81GYVW,"https://static.wixstatic.com/media/37804f_ed9032a0826e40efa33fefcbf9fb882b~mv2.png/v1/fill/w_141,h_237,al_c,q_85,usm_0.66_1.00_0.01,enc_auto/logo.png",https://www.107fm.net/,,,
89 A Radio Rock,Nacionais • Heavy Rock,Brasil,São Paulo,"alternative rock,rock",https://playerservices.streamtheworld.com/api/livestream-redirect/RADIO_89FM_ADP.aac?dist=site-89fm,,https://www.radiorock.com.br/,,,
89 FM A Rádio Rock Goiânia,Nacionais • Heavy Rock,Brasil,Goiás,"classic rock,hard rock,rock",https://ice.fabricahost.com.br/89aradiorockgo,https://89goiania.com.br/wp-content/uploads/2024/07/icone_89.png,https://89goiania.com.br/,,,
89FM Radio Rock,Nacionais • Heavy Rock,Brasil,São Paulo,rock,https://playerservices.streamtheworld.com/api/livestream-redirect/RADIO_89FM_ADP.aac,,https://www.radiorock.com.br/,,,
91 Rock - Curitiba (web),Nacionais • Heavy Rock,Brasil,Parana,"brazilian rock,rock",http://servidor40.brlogic.com:8044/live,,https://91rock.com.br/,,,
94 Live (Divinópolis - MG),Nacionais • Heavy Rock,Brasil,Minas Gerais,"hits,pop rock",https://94fm64aac.jmvstream.com/stream,https://ugc.production.linktr.ee/2QIV7DDhSoeAW2nYRLi2_ZPDNoICIM617u2RP?io=true&size=avatar-v3_0,https://linktr.ee/radio94live,,,
97 Rock Web Radio,Nacionais • Heavy Rock,Brasil,SP,"alternative,rock,rock-pop",http://euroticast5.euroti.com.br:8094/stream?1696889015855,,https://www.97rockwebradio.com/,,,
98 Rock,Nacionais • Heavy Rock,Brasil,Minas Gerais,rock,https://8185.brasilstream.com.br/stream,,https://rede98.com.br/,,,
98 ROCK BRASIL,Nacionais • Heavy Rock,Brasil,,,https://stm41.stmsrv.com:16614/stream?type=http&nocache=1897905694,https://cdn.stmsrv.com/multi/16614/logo_r1dbkqc.png,https://98rock.com.br/,,,
Antena 1 FM 91.3 MHz / Juiz de Fora - MG,Nacionais • Heavy Rock,Brasil,Minas Gerais,"soft adult contemporary,soft rock",https://stream02.ouveai.com.br:7017/stream,https://a1media.antena1.com.br/image/album/400x400/default-antena1.jpg,https://www.antena1.com.br/,,,
Aquele Rock,Nacionais • Heavy Rock,Brasil,São Paulo,,https://azura.servercast.com.br/listen/radio_leandro/radio.mp3?refresh=1744219941974,https://www.aquelerock.com/wp-content/uploads/2023/01/cropped-cropped-fav-32x32.jpg,https://www.aquelerock.com/,,,
Beatles 4 Ever (MP3),Nacionais • Heavy Rock,Brasil,,"classic rock,the beatles",http://stream.zeno.fm/ygdk890mug0uv,https://i.ibb.co/cSxC9QGC/image-2.webp,http://www.beatles4ever.br/,,,
Biz WebRadio,Nacionais • Heavy Rock,Brasil,São Paulo,"dance,edm,hits,pop,rock,top 40",https://icecast.bizwebradio.com/listen/biz/radio.aac,https://www.bizwebradio.com/wp-content/uploads/2020/09/base_logo_white_background.png,https://www.bizwebradio.com/,,,
Bons Tempos FM,Nacionais • Heavy Rock,Brasil,,"nostalgia,nostalgic,rock,romantic",https://server02.ouvir.radio.br:8050/stream?1609720768800,https://static.radios.com.br/img/apple-touch-icon.png,https://www.radios.com.br/aovivo/bons-tempos-fm/37027,,,
BR - The Classic Rock,Nacionais • Heavy Rock,Brasil,Minas Gerais,"classic rock,hard rock,heavy metal,oldies,rock",https://stream.zeno.fm/nbq1aq62gd0uv,https://cdn.onlineradiobox.com/img/l/5/94775.v6.png,https://radiorockfm.com.br/br,,,
Conquista WebStation Brazil,Nacionais • Heavy Rock,Brasil,São Paulo (SP),"(ac) adult contemporary,2000´s,2010´s,70´s,80´s,90´s,ballads,dance,disco,eurodance 90,pop,pop rock,rock,soul",https://stream.zeno.fm/ecryaaflji9tv,https://zeno.fm/_ipx/s_144x144/https://images.zeno.fm/JlNSvkhKIeLNfu040zecnGtPqb7gY7DJA8Xubr6WQ-U/rs:fill:288:288/g:ce:0:0/aHR0cHM6Ly9wcm94eS56ZW5vLmZtL2NvbnRlbnQvc3RhdGlvbnMvNWQzYTk0NjMtMmEzNi00ZDEzLWIwZTEtYTcwOTdmZmViYzUxL2ltYWdlLz91PTE3Mzg1MTc5ODYwMDA.webp,https://zeno.fm/radio/conquista-webstation-brazil/,,,
DinamicoFM,Nacionais • Heavy Rock,Brasil,Rio Grande do Sul,rock em geral,https://medicp.radiovinil.com.br:2020/stream/dinamicofm,,https://dinamicofm.com/,,,
EldoPop FM,Nacionais • Heavy Rock,Brasil,Rio de Janeiro,"hard rock,progressive rock",http://stm10.srvstm.com:34794/stream,http://eldopopfm.com/admin/assets/img/favicon.jpg,http://eldopopfm.com/,,,
ELEKTRA RADIO,Nacionais • Heavy Rock,Brasil,Rio de Janeiro,"'synthpop',breaks,electro,freestyle,indie rock,miami bass,new retro wave",https://cast3.hoost.com.br:8952/stream,https://www.elektraradio.com/files/2026/01/logo_elektra_raio_03_mini-1.png,https://www.elektraradio.com/,,,
Elite Studio FM,Nacionais • Heavy Rock,Brasil,Santa Catarina,"flashback,pop,pop-rock,rock",https://stream.zeno.fm/jjgtqyoqkpvuv,,https://www.elitestudiofm.com.br/,,,
Fan FM Aracaju,Nacionais • Heavy Rock,Brasil,SE,"mpb,pop,rock",http://08.stmip.net:7114/,https://redefanfm.com.br/wp-content/uploads/2023/07/favicon.jpg,https://redefanfm.com.br/,,,
Fofinho Rock Club,Nacionais • Heavy Rock,Brasil,,,http://foreverinrock.radioca.st:9560/stream,,https://fofinhorockclub.com.br/,,,
Froes Rock,Nacionais • Heavy Rock,Brasil,,,https://sv10.hdradios.net:25198/stream,https://pbs.twimg.com/profile_images/1433466017511059468/mvwBTZyV_400x400.jpg,https://froess9.wixsite.com/froesrock,,,
Fronteira FM 97.1,Nacionais • Heavy Rock,Brasil,Rio Grande do Sul,"hits,pop,rock,sertanejo",https://sonicpanel.oficialserver.com/9992/stream,,https://radiofronteirafm.com.br/,,,
Geografia Rock 2,Nacionais • Heavy Rock,Brasil,,geografiarock,https://stream.zeno.fm/63kdg03m2uhvv,,https://geografiarockoficial.blogspot.com/,,,
Ipe,Nacionais • Heavy Rock,Brasil,Brasília,"death metal,doujin,edm,idm,jpop,metal,symphonic metal",http://152.53.178.148:6670/,,https://0x45.pw/,,,
Jovem Fm,Nacionais • Heavy Rock,Brasil,Tocantins,"pop rock,popular",http://wz3.dnip.com.br/aycomau1/aycomau1.stream/playlist.m3u8,,http://redejovemfm.com.br/,,,
"Jovem pan 100,9 FM feira de Santana",Nacionais • Heavy Rock,Brasil,Bahia,"jovem,pop rock",https://8046.brasilstream.com.br/stream,https://www.radios.com.br/aovivo/radio-jovem-pan-1009-fm/13358,https://jovempan.com.br/afiliada/feiradesantana-fm,,,
"Jovem pan 101,3 FM Maringá",Nacionais • Heavy Rock,Brasil,Parana,"jovem,pop rock",https://shout35.crossradio.com.br:18040/stream,https://www.radios.com.br/aovivo/radio-jovem-pan-1013-fm/8801,https://jovempan.com.br/afiliada/maringa-fm,,,
"Jovem pan 103,1 FM Caruaru",Nacionais • Heavy Rock,Brasil,Pernambuco,"jovem,pop rock",https://cast4.audiostream.com.br:20003/jp101,https://www.radios.com.br/aovivo/radio-jovem-pan-1013-fm/24305,https://jovempan.com.br/afiliada/caruaru-fm,,,
"Jovem pan 104,1 FM",Nacionais • Heavy Rock,Brasil,Manaus,"jovem,pop rock",https://shout25.crossradio.com.br:18022/stream,https://www.radios.com.br/aovivo/radio-jovem-pan-1041-fm/13348,http://manaus.jovempanfm.com.br/,,,
"Jovem pan 107,5 FM Belém",Nacionais • Heavy Rock,Brasil,Pará,"jovem,pop rock,top 40",https://radio01.zas.media/8038/stream,https://www.radios.com.br/aovivo/radio-jovem-pan-1075-fm/266119,https://jovempan.com.br/afiliada/belem-fm#,,,
"Jovem pan 91,3 FM",Nacionais • Heavy Rock,Brasil,Bahia,"jovem,pop rock",https://e-spo-101.fabricahost.com.br/jpsalvador?f=1781720454N01KVBD156X2QB7Q3HVYGECQMZ5&tid=01KVBD156XN96YD5591R27V2R9,https://www.radios.com.br/aovivo/radio-jovem-pan-913-fm/11272,https://jovempan.com.br/afiliada/salvador-fm,,,
"Jovem pan 95,9 FM",Nacionais • Heavy Rock,Brasil,Recife,"jovem,pop rock",https://cast4.audiostream.com.br:20004/jp95,https://www.radios.com.br/aovivo/radio-jovem-pan-959-fm/24574,https://jovempan.com.br/afiliada/recife-fm,,,
Jovem Pan FM - Blumenau - SC,Nacionais • Heavy Rock,Brasil,Santa Catarina,"brazilian pop,contemporary hits radio,dance,electronic dance music,eurodance,jovem,pop,pop rock,top 40",https://f108.fabricahost.com.br/jpblumenau?f=1768464027N01KF0AQ438AT4MFMBHEV2NP5QH&tid=01KF0AQ438FRZFWMDPREG5YT3S,https://jpimg.com.br/uploads/2024/02/avatar-blumenau-rgb-500x500.png,https://jovempan.com.br/afiliada/blumenau-fm,,,
Jovem Pan FM - Brasília - DF - 106.3,Nacionais • Heavy Rock,Brasil,Distrito Federal,"contemporary hits radio,jovem,jovem pan,pop,pop rock,top 40",https://shout25.crossradio.com.br:18022/1,https://jpimg.com.br/uploads/2022/12/afiliadas-brasilia-106.3-500x500.jpg,https://jovempan.com.br/afiliada/brasilia-fm,,,
Jovem Pan FM - Florianópolis - SC,Nacionais • Heavy Rock,Brasil,Santa Catarina,"chr,contemporary hits radio,dance,electronic dance music,jovem,jovem pan,pop,pop rock,top 40",https://live.paineldj.com.br/proxy/jfloripa?mp=/stream,https://jpimg.com.br/uploads/2024/02/avatar-florianopolis-rgb-500x500.png,https://jovempan.com.br/afiliada/floripa-fm,,,
Jovem Pan FM - Manaus - AM - 104.1,Nacionais • Heavy Rock,Brasil,Minas Gerais,"contemporary hits radio,jovem,jovem pan,pop,pop rock,top 40",https://directradios.net/proxy/jpmaceio?mp=/stream,https://jpimg.com.br/uploads/2022/12/afiliada-manaus-500x500.jpg,https://jovempan.com.br/afiliada/manaus-fm,,,
Jovem Pan FM - Osório,Nacionais • Heavy Rock,Brasil,Rio Grande do Sul,"electronic,pop rock",http://centova14.ciclanohost.com.br:8405/stream,https://s.jpimg.com.br/wp-content/themes/jovempan/assets/build/images/favicons/apple-touch-icon.png,https://jovempan.com.br/afiliada/osorio-fm,,,
Jovem Pan FM - Salvador - BA - 91.3,Nacionais • Heavy Rock,Brasil,Bahia,"contemporary hits radio,jovem,jovem pan,pop,pop rock,top 40","https://shout25.crossradio.com.br:18022/1,%20https://shout25.crossradio.com.br:18022/1",https://jpimg.com.br/uploads/2022/12/afiliadas-salvador-500x500.jpg,https://jovempan.com.br/afiliada/salvador-fm,,,
Jovem Pan FM Campinas - 89.9,Nacionais • Heavy Rock,Brasil,Sao Paulo (Brazil),"pop,rock",https://paineldj5.com.br:20028/stream,,https://jovempan.com.br/afiliada/campinas-fm,,,
"Jovem pan FM Curitiba 103,9",Nacionais • Heavy Rock,Brasil,Parana,"jovem,pop rock",https://f100.fabricahost.com.br/jpcuritiba?f=1781707014N01KVB0705NGYGVCWVT3PW4GE37&tid=01KVB0705NCA4ZWMVE2AHH52AB,https://www.radios.com.br/aovivo/radio-jovem-pan-1039-fm/13401,https://jovempan.com.br/afiliada/curitiba-fm,,,
Jovem Pan Porto Alegre,Nacionais • Heavy Rock,Brasil,,"eletrônica,pop,rock",http://centova6.ciclanohost.com.br:9256/,https://firebasestorage.googleapis.com/v0/b/radiogalaxy-580f4.appspot.com/o/images%2FIMG_20230202_185333193.jpg?alt=media&token=15a4fdd0-fd97-4507-b2f2-584233d1f324,https://jovempan.com.br/afiliada/grandepoa-fm,,,
Jovem pan são jose dos campos,Nacionais • Heavy Rock,Brasil,"são jose dos campos, são paulo","2000s,2010s,90s,noticias,rock",https://r15.ciclano.io/proxy/radiomu1/stream,https://encrypted-tbn0.gstatic.com/images?q=tbn:ANd9GcQlALeBErv6OLhaMLhA0hYXVdz6JhM7drb5_Q&s,https://radiosaovivo.net/jovem-pan-fm-sao-jose-dos-camp/,,,
Kero Rock,Nacionais • Heavy Rock,Brasil,Rio Grande do Sul,"classic rock,rock",https://stm1.painelwshost.com.br:7012/,https://www.kerorock.com.br/public/60326-2023-05-11.png,https://www.kerorock.com.br/,,,
Kiss FM - 92.5 - São Paulo,Nacionais • Heavy Rock,Brasil,São Paulo,rock,https://26593.live.streamtheworld.com/RADIO_KISSFM_ADP.aac,,https://kissfm.com.br/aovivo/,,,
Kiss FM 92.5 São Paulo,Nacionais • Heavy Rock,Brasil,São Paulo,rock,https://26673.live.streamtheworld.com/RADIO_KISSFMAAC.aac?1655609055880,https://kissfm.com.br/wp-content/uploads/2024/05/KISSFMSP.svg,https://kissfm.com.br/,,,
Limeira FM,Nacionais • Heavy Rock,Brasil,São Paulo,rock,https://centova.svdns.com.br:20050/stream,,http://limeirafm.com.br/,,,
"Massa FM 101,1 (Ponta Grossa - PR)",Nacionais • Heavy Rock,Brasil,PR,"pop music,pop rock,sertanejo,sertanejo raiz",https://live.virtualcast.com.br/massapontagrossa,https://tudoradio.com/img/uploads/radios/radio_massafmpontagrossa.png,https://massa.com.br/massa-fm-ponta-grossa/,,,
Metal Heads,Nacionais • Heavy Rock,Brasil,,"hard rock,metal,rock",https://hts01.brascast.com:9194/live,https://spaceks.net/sites/metalheads.com.br/images/logo/logo.png,https://metalheads.com.br/,,,
"Metropolitana FM 97,7 Maceió",Nacionais • Heavy Rock,Brasil,Alagoas,"pop rock popular,sertaneja",https://streaming.livespanel.com:8032/maceiofm,https://www.radios.com.br/aovivo/radio-metropolitana-977-fm/260824,https://maceiofm97-7.mobirisesite.com/,,,
mexfm,Nacionais • Heavy Rock,Brasil,Sao Paulo (Brazil),"eclética,pop,rock",https://stm22.xcast.com.br:12658/stream.mp3,https://mexfm.com/assets/img/favicon.png,https://mexfm.com/,,,
MGT ROCK,Nacionais • Heavy Rock,Brasil,Brasil,"mgt,rock",https://cast.mgtradio.net/radio/8090/aac,https://www.mgtradio.net/images/ouvir-radio-online.png,https://www.mgtradio.net/,,,
Mix FM - Porto Alegre,Nacionais • Heavy Rock,Brasil,Rio Grande do Sul,"jovem,pop-rock",https://playerservices.streamtheworld.com/api/livestream-redirect/MIXFM_POAAAC.aac,,http://www.mixfmpoa.com.br/,,,
"Mix FM 98,3 Maceió",Nacionais • Heavy Rock,Brasil,Alagoas,"jovem,pop rock",https://virtues.live:8184/stream,https://www.radios.com.br/aovivo/radio-mix-983-fm/13177,http://98fmmaceio.com.br/,,,
Montiel Rock,Nacionais • Heavy Rock,Brasil,Rio Grande do Sul,"80s rock,aor,glam metal,hair metal,hard rock,heavy metal",https://radio.mntl.top/listen/montiel_rock/radio.mp3,https://azura.mntl.top/static/uploads/montiel_rock/album_art.1782413303.png,https://radio.mntl.top/,,,
Morena FM /Rio,Nacionais • Heavy Rock,Brasil,RJ,"adult contemporary,brazilian music,classic rock,pop,rock",https://centova5.transmissaodigital.com:20005/stream,,https://www.morenafmrio.com/,,,
"Morena FM 107,1 FM - Campo Grande",Nacionais • Heavy Rock,Brasil,Mato Grosso do Sul,"classic rock,rock",http://centova.svdns.com.br:25518/stream,https://www.morenafm.com.br/imagens/logo.png,https://www.morenafm.com.br/,,,
Mundial Rock,Nacionais • Heavy Rock,Brasil,Sao Paulo (Brazil),,https://azura.mundialmusic.net/radio/8010/radio.mp3,http://img.sedoparking.com/templates/logos/sedo_logo.png,http://www.mundialrock.net/,,,
Mundo Livre FM,Nacionais • Heavy Rock,Brasil,Curitiba,alternative rock,https://playerservices.streamtheworld.com/api/livestream-redirect/MUNDOLIVRE_CWBAAC_64.aac,https://mundolivrefm.com.br/wp-content/uploads/2021/10/27122403/cropped-mundo-livre-logo-180x180.jpg,https://mundolivrefm.com.br/,,,
"Mundo Livre FM Londrina 93,1",Nacionais • Heavy Rock,Brasil,Parana,"londrina,rock",https://rrdns-continental.webnow.com.br/mllondrina.mp3,,https://mundolivrefm.com.br/,,,
Mundo Livre FM Maringá 102.5,Nacionais • Heavy Rock,Brasil,Paraná(Brazil),"alternative rock,indie rock,rock",https://playerservices.streamtheworld.com/api/livestream-redirect/MUNDOLIVRE_MGAAAC.aac,https://mundolivrefm.com.br/favicon.png,https://mundolivrefm.com.br/,,,
No Mundo do Rock,Nacionais • Heavy Rock,Brasil,,,https://servidor34-1.brlogic.com:8014/live,,https://nomundodorock.com/,,,
Nova Onda FM,Nacionais • Heavy Rock,Brasil,São Paulo,"music,oldies,pop music,pop rock",https://ice.fabricahost.com.br/novaondafm,https://novaondafm.com.br/wp-content/uploads/2023/04/Nova-Onda-logo-colorido-300x169.png,https://novaondafm.com.br/,,,
Novos Horizontes FM,Nacionais • Heavy Rock,Brasil,Rio Grande do Sul,"pop,regional,rock",https://paineldj5.com.br:20013/stream,https://www.novoshorizontesfm.com/favicon.ico,https://www.novoshorizontesfm.com/,,,
NuMetal 1.0 - JubsTones,Nacionais • Heavy Rock,Brasil,São Paulo,,https://stream.zeno.fm/zg3ps1ckoeiuv,https://stream.zeno.fm/zg3ps1ckoeiuv,https://stream.zeno.fm/zg3ps1ckoeiuv,,,
Ouro Verde FM Easy 105.5,Nacionais • Heavy Rock,Brasil,Parana,"brasil,brazilian music,classic hits,curitiba,ouro verde,paraná,pop,pop rock",https://8522.brasilstream.com.br/stream,https://ouroverdefm.com.br/wp-content/uploads/2022/11/favicon-150x150.png,https://ouroverdefm.com.br/,,,
"POP 95,1",Nacionais • Heavy Rock,Brasil,"Montes Claros, MG, Brazil","pop,pop/rock",https://servidor39.brlogic.com:8152/live,https://www.pop95fm.com.br/wp-content/uploads/2021/04/cropped-favpop-180x180.png,http://www.pop95fm.com.br/,,,
Progressive Earth Radio,Nacionais • Heavy Rock,Brasil,São Paulo,progressive rock,http://sv10.hdradios.net:6674/;,https://img.radios.com.br/radio/lg/radio170330_1608747125.jpg,http://www.progressiveworldradio.com/,,,
Progsky,Nacionais • Heavy Rock,Brasil,Rio de Janeiro,progressive rock,https://cc4.streammaximum.com:20017/stream,https://www.progsky.com/wp-content/uploads/2024/08/LOGOBALANCE.png,https://www.progsky.com/,,,
Radio Amigos do Rock,Nacionais • Heavy Rock,Brasil,SP,,http://stm25.srvaudio.com.br:11358/,https://www.wix.com/favicon.ico,https://leonelapantonellij.wixsite.com/website-2,,,
Radio Amigos do Rock Nacional,Nacionais • Heavy Rock,Brasil,Sao Paulo (Brazil),,https://stm10.voxhd.com.br:7846/,https://www.wix.com/favicon.ico,https://leonelapantonellij.wixsite.com/website-3,,,
Radio AnimeNight,Nacionais • Heavy Rock,Brasil,,"90s,anime,j-pop,japanese,japanese anime soundtracks game jpop vgm ost,japanese music,jpop,pop,rock",https://stm16.voxhd.com.br:10374/app128,https://www.animenight.com.br/logo.png,https://www.animenight.com.br/,,,
Radio Ativa Bom Despacho,Nacionais • Heavy Rock,Brasil,Minas Gerais,"caipira,funk,international,mpb,pop,rock,sertaneja",http://148.72.158.239:8036/live,,http://www.radioativabdmg.com.br/,,,
Radio Cidade JF,Nacionais • Heavy Rock,Brasil,Minas Gerais,"pop,rock",http://wz1.dnip.com.br/cidadefmjf/cidadefmjf.stream/playlist.m3u8,,http://www.radiocidadejf.com.br/,,,
Radio Fox Rock,Nacionais • Heavy Rock,Brasil,Sorocaba - SP (Brazil),"classic rock,hard rock,rock nacional",http://09.stmip.net:8422/stream,"https://assets.zyrosite.com/cdn-cgi/image/format=auto,w=192,h=192,fit=crop,f=png/lmlCSC2fKUDUkNiK/logo-fox-87-7-fm-p5eve2j6xeu8b7ou3adhud11qrj8spjjyqnznyr600-YrD14kKjvxTVOVP3.png",https://radiofoxrock.com.br/,,,
Radio Jovem Pan 99.1 FM Belo Horizonte,Nacionais • Heavy Rock,Brasil,Minas Gerais,"90s,pop,rock",https://8062.brasilstream.com.br//stream?origem=jovem_pan_site,https://s.jpimg.com.br/wp-content/themes/jovempan/assets/build/images/favicons/favicon-32x32.png,https://jovempan.com.br/afiliada/bh-fm,,,
Radio Maquina no Rock,Nacionais • Heavy Rock,Brasil,,rock,https://servidor20-4.brlogic.com:8582/live,,https://maquinarock.webradiosite.com/,,,
Radio Putzgrila,Nacionais • Heavy Rock,Brasil,Rio Grande do Sul,"alternative rock,classic rock,rock n roll",https://stream.ouveai.com.br/proxy/putzgrila?mp=/stream,,https://radioputzgrila.com.br/site/,,,
Radio ZTOP,Nacionais • Heavy Rock,Brasil,Minas Gerais,"contemporary hits radio,dance,electronic dance music,eurodance,jovem,op,pop rock,top 40",https://stream.zeno.fm/bd0hmtmb2d0uv,https://images.zeno.fm/F19RKDqzPlicPWJRFtHsKsoDnxxlCIlPPZGOe78MIJc/rs:fit:170:170/g:ce:0:0/aHR0cHM6Ly9zdHJlYW0tdG9vbHMuemVub21lZGlhLmNvbS9jb250ZW50L3N0YXRpb25zL2FneHpmbnBsYm04dGMzUmhkSE55TWdzU0NrRjFkR2hEYkdsbGJuUVlnSURBdGZhcy1nb01DeElPVTNSaGRHbHZibEJ5YjJacGJHVVlnSURRdW9pQjVnZ01vZ0VFZW1WdWJ3L2ltYWdlLw.webp?u=Mon%20Jan%2001%2022:54:51%20UTC+0000%202024,https://radiorockfm.com.br/ztop,,,
RADIO520,Nacionais • Heavy Rock,Brasil,,"classic rock,country pop,dance music,pop rock,sports news",https://stm7.xcast.com.br:9182/index,,https://www.radio520.com.br/,,,
Rede Grauna FM,Nacionais • Heavy Rock,Brasil,Bahia,"brasil,local news,mpb,música popular brasileira,pop rock,various",https://centova11.ipstm.net:20032/stream,,https://www.graunafm.com.br/,,,
Rio Sul Radio,Nacionais • Heavy Rock,Brasil,Rio de Janeiro,"adult,adult contemporary,pop rock",https://stream.riosulradio.com/,https://riosulradio.com/assets/img/logo.png,https://riosulradio.com/,,,
Rock na Teia,Nacionais • Heavy Rock,Brasil,Sao Paulo (Brazil),rock,http://s19.maxcast.com.br:8182/live,https://static.wixstatic.com/media/1cf649_94d7175b59cc43d4ba0c0c9b9a025dac%7emv2.png/v1/fill/w_180%2ch_180%2clg_1%2cusm_0.66_1.00_0.01/1cf649_94d7175b59cc43d4ba0c0c9b9a025dac%7emv2.png,https://www.rocknateia.com.br/,,,
"Rockett 97,7",Nacionais • Heavy Rock,Brasil,Espírito Santo,rock,https://8817.brasilstream.com.br/stream?cc=1645359200316,,https://www.hfnews.com.br/,,,
RST Radio Rock,Nacionais • Heavy Rock,Brasil,Parana,"hard rock,progressive rock",https://servidor37-1.brlogic.com:8100/live,https://public-rf-upload.minhawebradio.net/113/fbplayer/7eb6b35b003a5c561f99df3588822931.jpg,https://rstradiorock.com.br/,,,
RTL 91.7,Nacionais • Heavy Rock,Brasil,"Santos, Sao Paulo (Brazil)","classic rock,pop rock,rock",https://live.virtualcast.com.br/rtl,https://static.wixstatic.com/media/69fb21_d1075bfa67cb45b69ab22502435fa701%7emv2.png/v1/fill/w_180%2ch_180%2clg_1%2cusm_0.66_1.00_0.01/69fb21_d1075bfa67cb45b69ab22502435fa701%7emv2.png,https://www.aradiorock.com.br/,,,
Rádio 104 FM Natal RN,Nacionais • Heavy Rock,Brasil,Rio Grande do Norte,"mpb,pop music,pop rock",https://radios.braviahost.com.br:8000/radio.mp3?1732983388728,https://img.radios.com.br/radio/lg/radio42_1439400388.jpg,https://www.radios.com.br/aovivo/radio-104-fm/42,,,
Rádio 96 FM,Nacionais • Heavy Rock,Brasil,Goias,"música pop,pop rock",https://cast4.hoost.com.br:20079/stream,,https://radio96fm.net/,,,
Rádio AMC,Nacionais • Heavy Rock,Brasil,,"anime,jpop,jrock",https://radioamc.com.br/stream/amc,https://radioamc.com.br/shared/amclogo.png,https://radioamc.com.br/,,,
Rádio AMC+,Nacionais • Heavy Rock,Brasil,,"anime,jpop,jrock",https://radioamc.com.br/stream/amcplus,https://radioamc.com.br/shared/amcpluslogo.png,https://radioamc.com.br/,,,
Rádio Amigos do Rock,Nacionais • Heavy Rock,Brasil,São Paulo (SP),,https://stm25.srvaudio.com.br:11358/;,,https://radioamigosdorock.wixsite.com/radio-amigos-do-ro-1,,,
Rádio Amigos do Rock Nacional,Nacionais • Heavy Rock,Brasil,São Paulo,rock nacional,http://stm1.uniservstm.stream:6724/,,https://radioamigosdorocknacional.dechost.com.br/,,,
Rádio Atlântida 93.3 FM,Nacionais • Heavy Rock,Brasil,Rio Grande do Sul,"jovem,jungle,pop rock",https://liverdatlsc.rbsdirect.com.br/primary/atl_scr.sdp/playlist.m3u8,,http://www.clicrbs.com.br/especial/rs/atlantida-fm/,,,
Rádio Atlântida 94.3 FM - Porto Alegre,Nacionais • Heavy Rock,Brasil,Rio Grande do Sul,"brazilian music,classic rock,rock,world music",https://playerservices.streamtheworld.com/api/livestream-redirect/RBS_RADIOSAAC.m3u8,https://upload.wikimedia.org/wikipedia/pt/5/53/Logotipo_da_Rede_Atl%C3%A2ntida.PNG,https://atl.clicrbs.com.br/,,,
Rádio Atlântida FM Florianópolis,Nacionais • Heavy Rock,Brasil,Santa Catarina,pop rock,https://27353.live.streamtheworld.com:443/ATL_FLO.mp3,,https://atlantidasc.com.br/,,,
Rádio Bla Rock,Nacionais • Heavy Rock,Brasil,São Paulo,classic rock,https://s12.maxcast.com.br:8086/live,,https://www.radiobla.com.br/,,,
Rádio Brasil 2000,Nacionais • Heavy Rock,Brasil,Sao Paulo (Brazil),rock,https://stm11.srvstm.com:6798/stream,https://brasil2000fm.com.br/wp-content/uploads/2025/03/cropped-FAVICON-2-192x192.jpg,https://brasil2000fm.com.br/,,,
Rádio C Brasil,Nacionais • Heavy Rock,Brasil,,rock,https://stm5.painelcast.com:7578/stream,null,https://toligado.net.br/,,,
"Rádio Cambirela - Virtual,mas real.",Nacionais • Heavy Rock,Brasil,"Santa Catarina, SC","brazillian music,contenmporary,country,retro music,rock",https://stm1.srvif.com:7244/stream,,https://radiocambirela.com.br/,,,
Rádio Cidade,Nacionais • Heavy Rock,Brasil,Rio de Janeiro,"brazilian music,contemporary,pop,rock",http://playerservices.streamtheworld.com/api/livestream-redirect/RADIOCIDADEAAC.aac,https://radiocidade.fm/favicon.ico,https://radiocidade.fm/,,,
Rádio Cidade - Classic Rock,Nacionais • Heavy Rock,Brasil,Rio de Janeiro,classic rock,http://playerservices.streamtheworld.com/api/livestream-redirect/CLASSICROCK_S01AAC_64.aac,https://radiocidade.fm/player/img/classic-rock.svg,https://radiocidade.fm/player/index.php,,,
Rádio Cidade - drop80,Nacionais • Heavy Rock,Brasil,Rio de Janeiro,rock,http://playerservices.streamtheworld.com/api/livestream-redirect/DROP80_S01AAC.aac,https://radiocidade.fm/player/img/drop-80.svg,https://radiocidade.fm/player/index.php,,,
Rádio Cidade - Rio de Janeiro - 102.9 FM - ZYD462,Nacionais • Heavy Rock,Brasil,Rio de Janeiro,"brazilian rock,classic rock,hot adult contemporary,soft rock",https://playerservices.streamtheworld.com/api/livestream-redirect/RADIOCIDADEAAC.aac,,https://radiocidade.fm/,,,
Rádio Cidade - Stereo Zero,Nacionais • Heavy Rock,Brasil,Rio de Janeiro,rock,http://playerservices.streamtheworld.com/api/livestream-redirect/STEREOZERO_S01AAC.aac,https://radiocidade.fm/player/img/stereo-zero.svg,https://radiocidade.fm/player/index.php,,,
"Rádio Cidade 94,7",Nacionais • Heavy Rock,Brasil,São Paulo,"country,local news,news,pagode,pop rock,samba,sports",https://sv13.hdradios.net:8084/stream,,https://www.cidade94.com.br/,,,
Rádio Disney 91.3 FM,Nacionais • Heavy Rock,Brasil,Sao Paulo (Brazil),"jovem,pop rock,sertanejo",https://playerservices.streamtheworld.com/api/livestream-redirect/DISNEY_BRA_SP.mp3,https://images.app.goo.gl/fNFY7gv7C3w9dwtWA,http://www.disney.com.br/radio/,,,
Rádio Elétrica,Nacionais • Heavy Rock,Brasil,,rock,http://servidor26.brlogic.com:8040/live,,http://servidor26.brlogic.com:8040/live,,,
Rádio Escola de Rádio,Nacionais • Heavy Rock,Brasil,Rio de Janeiro,"brazilian music,mpb,music school,pop,rio de janeiro,rock",https://radio.escoladeradio.com.br/listen/radio_er/radio.mp3,https://www.escoladeradio.com.br/radio-icon-512.png,https://www.escoladeradio.com.br/radio,,,
Rádio Estação Pop,Nacionais • Heavy Rock,Brasil,MG,pop-rock,https://s46.maxcast.com.br:8026/live?1771884575757,https://img.radios.com.br/radio/lg/radio29801_1439401712.jpg,http://radioestacaopop.com/,,,
Rádio Fox Rock,Nacionais • Heavy Rock,Brasil,São Paulo,"classic rock,music,rock",https://brapostreaming.com.br/radio/8000/radio.mp3,https://radiofoxrock.com.br/wp-content/uploads/2021/04/cropped-favicon_google-180x180.png,https://radiofoxrock.com.br/,,,
Rádio Galegóvski,Nacionais • Heavy Rock,Brasil,Santa Catarina,"mpb,rock",https://radio.galegovski.com/live,https://galegovski.com/radiologo.png,https://radio.galegovski.com/,,,
Rádio Geografia Rock,Nacionais • Heavy Rock,Brasil,,classic rock,https://servidor20.brlogic.com:7354/live,https://public-rf-upload.minhawebradio.net/204992/mobileicon/e69ece1be41091c923d068b4f309176bx192.png,https://geografiarock.webradiosite.com/,,,
Rádio HT,Nacionais • Heavy Rock,Brasil,Rio Grande do Sul,"classic rock,futebol,local news,rock",https://servidor39.brlogic.com:8624/live,https://public-rf-upload.minhawebradio.net/31396/mobileicon/7994a58d1b846c51a81981fbaf980e91x192.png,https://radioht.com.br/,,,
Rádio I Love anos 80's,Nacionais • Heavy Rock,Brasil,Porto Alegre,"alternative rock,anos 80,romantic",https://shit-is-merda.stream.laut.fm/shit-is-merda,https://uploaddeimagens.com.br/images/004/753/770/thumb/apple-touch-icon.png,https://radioiloveanos80.blogspot.com/,,,
Rádio Joli Beatles,Nacionais • Heavy Rock,Brasil,São Paulo,classic rock,https://stream.zeno.fm/3hgez706e3quv?zs,https://img.radios.com.br/radio/lg/radio111501_1560523801.png,https://zeno.fm/JoliBeatles,,,
Rádio Jovem Pan 91.1 FM,Nacionais • Heavy Rock,Brasil,Sao Paulo,"pop rock,young",https://cast2.hoost.com.br:8039/stream,https://img.radios.com.br/radio/lg/radio24800_1675111116.jpg,https://jovempan.com.br/afiliada/sorocaba-fm,,,
Rádio Kboing 100.3 FM,Nacionais • Heavy Rock,Brasil,São Paulo,"adult,adulta,pop,pop rock",https://stream.knbcdn.com.br/kboing-fm/kbostream/playlist.m3u8,https://img.radios.com.br/radio/lg/radio29604_1653915617.jpg,https://www.kboingfm.com.br/,,,
Rádio Lost,Nacionais • Heavy Rock,Brasil,Santa Catarina,"pop,reggae,rock",http://srv1.uaihost.audio:7026/,,https://www.radiolost.com.br/,,,
Rádio Manawa,Nacionais • Heavy Rock,Brasil,,"eletrônica,mpb,rock",http://161.97.82.133:8000/radio.mp3,https://manawa.com.br/favicon.ico,https://manawa.com.br/,,,
Rádio Maresia,Nacionais • Heavy Rock,Brasil,Parana,"adult contemporary,flashback,pop,pop rock,rock",https://s1.tgastream.com.br:7870/stream,https://maresiaradio.com.br/img/programas/d74ea8e7ebbad5a12fa3bc635688b8c8.jpg,https://maresiaradio.com.br/,,,
Rádio Mix 106.3 FM,Nacionais • Heavy Rock,Brasil,Sao Paulo,"chr,pop-rock,youth",https://playerservices.streamtheworld.com/api/livestream-redirect/MIXFM_SAOPAULOAAC.aac,https://img.radios.com.br/radio/lg/radio13955_1720711597.png,https://aovivo.radiomixfm.com.br/,,,
Rádio Mundo Rock,Nacionais • Heavy Rock,Brasil,,,https://servidor32-2.brlogic.com:7320/live?source=website,https://public-rf-upload.minhawebradio.net/161648/cover/1b01a8dd82b5d2d33e7c97c77ec0e8a3.png,https://radiomundorock.com/,,,
Rádio Music Hall,Nacionais • Heavy Rock,Brasil,São Paulo,"flashback,pop-rock",http://server02.ouvir.radio.br:8050/stream,https://img.radios.com.br/radio/lg/radio34072_1446728798.jpg,http://radios.gratis/,,,
Rádio Nove,Nacionais • Heavy Rock,Brasil,Minas Gerais,"brazilian,latin,mpb,rock",https://servidor22.brlogic.com:7050/live,https://public-rf-upload.minhawebradio.net/249787/editor/097c156d65e83ec9c1d9c039c0eec480.png,https://www.radionove.com.br/,,,
Rádio Ouro Verde FM 105.5,Nacionais • Heavy Rock,Brasil,Parana,"brasil,brazilian music,classic hits,curitiba,ouro verde,ouro verde curitiba,ouro verde fm,ouro verde fm 105.5,paraná,pop,pop rock",http://servidor18.brlogic.com:7484/live,https://ouroverdefm.com.br/wp-content/uploads/2022/11/favicon-150x150.png,https://www.ouroverdefm.com.br/,,,
RÁDIO PLACE FM,Nacionais • Heavy Rock,Brasil,"Piauí ,Teresina","dance,pop,pop rock,top hits",https://stm27.xcast.com.br:8072/,,https://www.placefm.com.br/,,,
Rádio Rapadura Rock Web,Nacionais • Heavy Rock,Brasil,Sao Paulo,rock,https://stm35.srvstm.com:6806/;?type=http&amp;nocache=1,https://www.rapadurarockweb.com.br/admin/assets/img/logo.png,https://www.rapadurarockweb.com.br/,,,
Rádio RNP,Nacionais • Heavy Rock,Brasil,Paraná,"alternative rock,classic rock,curitiba,metal,new music,rock",https://hts02.brascast.com:11442/stream,https://img.radios.com.br/radio/lg/radio243062_1713273568.jpg,https://rocknopinheiro.com.br/,,,
Rádio Rock FM,Nacionais • Heavy Rock,Brasil,Minas Gerais,"alternative,alternative / indie,alternative rock,brazilian rock,modern rock,pop rock,rock",https://stream-159.zeno.fm/bd9p0p44puquv?zs=V_zU2Gc-TXGWa_BXm42cMA,https://pbs.twimg.com/media/ElF46QUXgAEtJk9?format=png&name=small,https://radiorockfm.com.br/,,,
Rádio Studio Flashback,Nacionais • Heavy Rock,Brasil,Minas Gerais,"00's,00s,2000's,2000s,70's,70s,80's,80s,90's,90s,adult contemporary,adult hits,classic hits,classic rock,classics,flash back,flashback,love songs,new classics,oldies,pop,romantic",https://stream-163.zeno.fm/6gv76f1xruquv?zs=SvdWy-tsTtCXPZ9IZC0ASA,https://pbs.twimg.com/media/GE7jNgZWQAEcxNb?format=png&name=240x240,https://studioflashback.com.br/,,,
Rádio Studio Souto - The Beatles (AAC+),Nacionais • Heavy Rock,Brasil,Goiás,"alternative rock,classic rock,rock,the beatles",https://centova5.transmissaodigital.com:20001/;,https://i.ibb.co/d0rps2bk/279586968-2291494730988635-8074650480271811715-n.jpg,https://studiosouto.com/,,,
Rádio The Beatles (MP3),Nacionais • Heavy Rock,Brasil,Goiás,"1960s,1970s,classic rock,oldies,pop,the beatles",http://stream-155.zeno.fm/6gnr5yq68nhvv?zt=eyJhbGciOiJIUzI1NiJ9.eyJzdHJlYW0iOiI2Z25yNXlxNjhuaHZ2IiwiaG9zdCI6InN0cmVhbS0xNTUuemVuby5mbSIsInRtIjpmYWxzZSwicnR0bCI6NSwianRpIjoiajRZamxVVnVScmlXQUdhWGhqTTd6ZyIsImlhdCI6MTc2ODQ0ODYyMywiZXhwIjoxNzY4NDQ4NjgzfQ.k9lfUID-D8ORbPyQsGnUY3MLV94AHq3JCz1UGdoo5uA,https://i.ibb.co/zhyZZTxB/image.webp,https://www.xn--rdiothebeatles-vgb.br/,,,
Rádio UFMG Educativa,Nacionais • Heavy Rock,Brasil,Minas Gerais,"brazilian music,college radio,mpb,rock,talk & speech,universitária",https://www3.ufmg.br/streamingradioaovivo/aovivo.mp3,,https://www.ufmg.br/comunicacao/radio-ufmg-educativa/,,,
Rádio Unifev,Nacionais • Heavy Rock,Brasil,São Paulo,"classic hits,local news,news,pop music,rock,samba pagode",https://servidor17-4.brlogic.com:7618/live?source=7250,,https://www.unifev.edu.br/tvunifev/,,,
Rádio UPF,Nacionais • Heavy Rock,Brasil,Rio Grande do Sul,"classic rock,rock",https://servidor38-2.brlogic.com:8134/live?source=app_pwa,https://www.upf.br/_uploads/de96ed99-0829-412c-b2ca-7d214255ef6b.png,https://radioupf.minhawebradio.net/app/index.html#/home,,,
Rádio Yard Sounds,Nacionais • Heavy Rock,Brasil,Rio Grande do Sul,"reggae,rock",https://hts10.brascast.com:7966/live,https://yardsounds.com.br,https://yardsounds.com.br/,,,
Rádio Ziggy - Rock Brasil (MP3),Nacionais • Heavy Rock,Brasil,Minas Gerais,"brazilian music,rock",http://stream.zeno.fm/0y68rshdreruv,https://i.ibb.co/fYN5mfBr/94405-v2.jpg,https://ziggywebradio.wixsite.com/radioziggy,,,
Rádio Ziggy - The Beatles (MP3),Nacionais • Heavy Rock,Brasil,Minas Gerais,"classic rock,the beatles",http://stream.zeno.fm/18sv42teknzuv,https://i.ibb.co/Y7XQnynd/85123-v7.png,https://ziggywebradio.wixsite.com/radioziggy,,,
Rádioweb Cult 22,Nacionais • Heavy Rock,Brasil,Distrito Federal,"alternative rock,classic rock,rock",https://s24.maxcast.com.br:8168/live?id=1622747293019,https://external-content.duckduckgo.com/iu/?u=http%3A%2F%2Fwww.cult22.com%2Fblog%2Fwp-content%2Fuploads%2F2019%2F04%2FR%25C3%25A1dio-Cult-22.jpg&f=1&ipt=e5c7a39b0395fe61d668f70d97ef580dd126ddd7777b863604927ffc6113335f,https://www.cult22.com/blog/,,,
Sintoniza Rock,Nacionais • Heavy Rock,Brasil,,,https://s04.maxcast.com.br:8930/autodj,,https://sintonizarock.com/,,,
SomBR,Nacionais • Heavy Rock,Brasil,,"adult contemporary,bossa nova,dance,eclectic,eclectic programming,metal,mpb,rock",https://airadio.duckdns.org/listen/radio_sombr/radio,https://airadio.duckdns.org/static/uploads/radio_sombr/album_art.1781113785.webp,https://airadio.duckdns.org/,,,
Sonora FM - Farroupilha,Nacionais • Heavy Rock,Brasil,Rio Grande do Sul,"adulta,pop-rock",https://casthttps1.suaradionanet.net/10318/stream,,https://www.radiosonorafm.com.br/,,,
Só Cacarecos - Classic Rock,Nacionais • Heavy Rock,Brasil,Rio de Janeiro,"classic rock,progressive rock,soft rock",http://sokakarecos.ddns.net:9030/rock128,,http://sokakarecos.com/,,,
Terra FM 99.9 MHz ZYC730 (Belo Horizonte - MG),Nacionais • Heavy Rock,Brasil,Minas Gerais,"classic rock,rock",https://servidor28-2.brlogic.com:8424/live,https://public-rf-upload.minhawebradio.net/11542/mobileicon/efdb6a896e5ea1395fb0e87672d8471fx192.png,https://www.radioterrafm999.net/,,,
The Beatles - Discografia (MP3),Nacionais • Heavy Rock,Brasil,,"classic rock,the beatles",http://stream.zeno.fm/qrt8wcezvtvvv,https://i.ibb.co/zhYdkhsH/image-1.webp,https://www.thebeatlesdiscografia.br/,,,
TOP POP WEB RÁDIO - A Estação Das Melhores Músicas,Nacionais • Heavy Rock,Brasil,Goias,"dance,pop,remix,rock",http://usa3.fastcast4u.com:1932/stream?type=http&nocache=4,https://img.radios.com.br/radio/xl/radio289132_1782481286.png,https://start.me/p/8yYJPB/top-pop-web-rdio,,,
TOP-POP WEB RÁDIO - JD33 ONE PRODUTION,Nacionais • Heavy Rock,Brasil,Goias,"dance,pop,remix,rock",https://usa3.fastcast4u.com/proxy/jd33corp/stream,https://img.radios.com.br/radio/xl/radio289132_1782481286.png,https://start.me/p/8yYJPB/top-pop-web-rdio,,,
Transamérica FM,Nacionais • Heavy Rock,Brasil,,rock,http://9595.brasilstream.com.br/stream,,,,,
"UniFM 94,5https://radiounifm.com.br/",Nacionais • Heavy Rock,Brasil,Curitiba,"pop,rock,university",https://funpar.jmvstream.com/stream,,https://radiounifm.com.br/,,,
União FM - Porto Alegre,Nacionais • Heavy Rock,Brasil,Rio Grande do Sul,"mpb,news,pop,rock",https://stream.ouveai.com.br/proxy/uniaonh?mp=/stream,https://www.uniaofm.com.br/wp-content/themes/radiouniaotheme/favicon/favicon-128.png,https://www.uniaofm.com.br/,,,
Venenos do Rock,Nacionais • Heavy Rock,Brasil,Rio Grande do Sul,"60's,70's,classic rock,obscure",https://stream.zeno.fm/dy417tqqmd0uv,,https://zeno.fm/venenosdorock/,,,
Venenos Psicodélicos,Nacionais • Heavy Rock,Brasil,Rio Grande do Sul,"60's,70's,psychedelic rock",https://stream.zeno.fm/c5bc53qc3k0uv,https://zeno.fm/favicon.ico,https://zeno.fm/venenospsicodelicos/,,,
VINTAGE ROCK,Nacionais • Heavy Rock,Brasil,Sao Paulo (Brazil),rock,https://servidor29.brlogic.com:7004/live,"https://static.wixstatic.com/media/968b35_8abc350821884ad6b3b35e24cd6839b2~mv2.png/v1/fill/w_600,h_337,al_c,q_85,usm_0.66_1.00_0.01,enc_avif,quality_auto/1.png",https://www.sistemavintage.com/,,,
WEB RADIO NO MUNDO DO ROCK,Nacionais • Heavy Rock,Brasil,,,https://servidor34-1.brlogic.com:8014/live?source=website,https://public-rf-upload.minhawebradio.net/1949/logo/36cb5c29d6db9db77f6e496c3966ed8e.jpeg,https://nomundodorock.com/,,,
Z-top,Nacionais • Heavy Rock,Brasil,Minas Gerais,"chr,contemporary hits radio,dance,electronic dance music,eurodance,jovem,pop,pop rock,top 40",https://stream.zeno.fm/gzf0stmb2d0uv,https://cdn.onlineradiobox.com/img/l/2/95782.v7.png,https://radiorockfm.com.br/ztop,,,
Dixie Rebel,Nacionais • Blues,Brasil,São Paulo,"blues rock,classic rock,rock & roll",https://servidor36.brlogic.com:8572/live,,https://www.dixierebel.com.br/,,,
Itapema 102.3 FM,Nacionais • Blues,Brasil,Rio Grande do Sul,"blues,classic rock,jazz,rock,soft rock",https://liverd102fm.rbsdirect.com.br/primary/ita_poa.sdp/chunklist_0ac85862-caaa-446f-93bf-3e12816c36a0.m3u8,,https://1023.clicrbs.com.br/#!/home,,,
Lightness of Rock,Nacionais • Blues,Brasil,Rio Grande do Sul,"blues,folk,progressive rock,psychedelic rock",https://stream.zeno.fm/n0dt87vrnd0uv,,https://zeno.fm/lightnessrock/,,,
Morena FM 98,Nacionais • Blues,Brasil,Bahia,"blues,brazilian music,classic rock,pop,rock",https://ssl1.transmissaodigital.com:2692/stream,,https://www.morenafm.com/,,,
Rock Classic Bits,Nacionais • Blues,Brasil,"Santa Catarina, SC","blues,blues rock,classic rock,rock en español,soft rock",http://stm25.xcast.com.br:6862/,,https://gilbertohart.wixsite.com/rock-classic-bits,,,
Rádio LAM,Nacionais • Blues,Brasil,Rio de Janeiro,"alternative rock,blues,brazilian rock,classic rock,rock",https://stream1.svrdedicado.org/8028/stream,https://static.wixstatic.com/media/a50a7a_81465ac4da92440e8e9dbca4534a3a02~mv2.png,https://www.radiolam.com.br/,,,
Rádio Ziggy - Blues Rock (MP3),Nacionais • Blues,Brasil,Minas Gerais,"blues rock,heavy metal",http://stream.zeno.fm/apph08p9hqzuv,https://i.ibb.co/KxjnmpNy/85131-v4.png,https://ziggywebradio.wixsite.com/radioziggy,,,
"Antena 1 Rio de Janeiro, RJ (ZYD 463, 103,7 MHz FM)",Nacionais • Jazz,Brasil,Rio de Janeiro,"adult contemporary,brazilian music,jazz,pop,smooth jazz",http://a1rj.streams.com.br:7801/sm,,http://www.antena1rio.com.br/,,,
"Antena 1 São Paulo, SP (ZYD823 94,7 MHz FM) [aac]",Nacionais • Jazz,Brasil,São Paulo,"adult contemporary,jazz,pop,smooth jazz",http://antena1.newradio.it/stream?ext=.mp3,,http://antena1.com.br/,,,
Conecta FM - Marília,Nacionais • Jazz,Brasil,Sao Paulo (Brazil),"80s,90s,alternative,classic hits,dance,electronic,folk,indie,jazz,lounge,mpb,new wave,pop,pop rock,r&b,rock,soul",https://paineldj.com.br:20184/stream,https://fmconecta.com.br/icon.png,https://fmconecta.com.br/,,,
Eldorado FM - São Paulo,Nacionais • Jazz,Brasil,São Paulo,"adult contemporary,adulta,jazz,mpb",https://eldoradolive01.akamaized.net/hls/live/2041487/eldorado/master.m3u8,https://img.radios.com.br/radio/lg/radio13051_1439401448.jpg,https://eldorado.estadao.com.br/,,,
"FM Cultura 107,7",Nacionais • Jazz,Brasil,Rio Grande do Sul,"jazz,mpb,public radio,rock",https://streaming.procergs.com.br:8443/fmcultura/sfmcultura/chunklist_w644085663.m3u8,https://encrypted-tbn0.gstatic.com/images?q=tbn:ANd9GcSAuOppGJXgt2O89-F2g79LhdFjkIUz2DJzfh7I5LHDDniy8rnEDzicRTc&s=10,https://fmcultura.com.br/inicial,,,
Rádio Arauto 95.7 FM,Nacionais • Jazz,Brasil,Rio Grande do Sul,"jazz,música popular brasileira,sertanejo raiz",https://icecast.loopert.com/113,,https://portalarauto.com.br/,,,
"Rádio Mundi 99,3 FM",Nacionais • Jazz,Brasil,PR,"jazz,pop music,sertanejo,sertanejo raiz",https://ice.fabricahost.com.br/mundifm,https://img.radios.com.br/radio/xl/radio15921_1549036585.jpg,https://mundifm.com.br/,,,
